brand,brand_img,brand_id
奥迪,https://p1-dcd.byteimg.com/img/motor-mis-img/62946ba030f3589e083d8d3e98a595eb~tplv-resize:100:100.image,2
AITO,https://p1-dcd.byteimg.com/img/motor-mis-img/b98df48107bc3529e1a8b4b637fceb98~tplv-resize:100:100.image,483
埃安,https://p3-dcd.byteimg.com/img/tos-cn-i-dcdx/2a02c59e2eec44fbac93a7f1f0179457~tplv-resize:0:0.png,242
阿维塔,https://p3-dcd.byteimg.com/img/tos-cn-i-dcdx/653ad03cc7fd49abbe5e6b6fe2a7e2ce~tplv-resize:0:0.png,475
奥迪AUDI,https://p9-dcd.byteimg.com/img/tos-cn-i-dcdx/ce11b50bdca24a249b5b1bff49c4a613~tplv-resize:0:0.png?psm=motor.car_page.go_api,10362
阿斯顿·马丁,https://p3-dcd.byteimg.com/img/tos-cn-i-dcdx/c60f4d8c5cd7418093eb6fee4729d2bf~tplv-resize:0:0.png,80
阿尔法·罗密欧,https://p9-dcd.byteimg.com/img/tos-cn-i-dcdx/c32957653bbe4d958931ba009ebcc8b7~tplv-resize:0:0.png,51
爱驰,https://p1-dcd.byteimg.com/img/motor-mis-img/368be6109dc0c82a001ab1bbecf35c35~tplv-resize:100:100.image,232
安凯客车,https://p1-dcd.byteimg.com/img/motor-mis-img/c05022f51e6601f6546613dda97ed56e~tplv-resize:100:100.image,115
AUXUN傲旋,https://p3-dcd.byteimg.com/img/tos-cn-i-dcdx/64ec85d4a3de4a03b585f2a4260bd204~tplv-resize:0:0.png,336
ALPINA,https://p3-dcd.byteimg.com/img/tos-cn-i-dcdx/793b2cc361e74c7293b25f4ff452d1f7~tplv-resize:0:0.png?psm=motor.car_page.go_api,114
ABT,https://p1-dcd.byteimg.com/img/motor-mis-img/3d7274f1ab466751a79dbc2fce6fc194~tplv-resize:100:100.image,211
AC Schnitzer,https://p1-dcd.byteimg.com/img/motor-mis-img/051086bb1461c179e38d2228f48bc90d~tplv-resize:100:100.image,113
艾康尼克,https://p1-dcd.byteimg.com/img/motor-mis-img/ce0fbc9776ca83bf13d68a6dcc6bea14~tplv-resize:100:100.image,178
Apollo,https://p1-dcd.byteimg.com/img/motor-mis-img/a73f8cff9159de555151e4a90a5aceb3~tplv-resize:100:100.image,281
Arash,https://p1-dcd.byteimg.com/img/motor-mis-img/45fc900d8f4675d395fc39174de047b5~tplv-resize:100:100.image,177
Aria,https://p1-dcd.byteimg.com/img/motor-mis-img/56419565b088e67bbc5fd8290a3e0d39~tplv-resize:100:100.image,224
AEV ROBOTICS,https://p1-dcd.byteimg.com/img/motor-mis-img/51123140fa23fac37a74d3898cbee1cc~tplv-resize:100:100.image,256
Aurus,https://p1-dcd.byteimg.com/img/motor-mis-img/8beedd18e61bcca9626fc3bddeb90fd3~tplv-resize:100:100.image,312
Agile Automotive,https://p1-dcd.byteimg.com/img/motor-mis-img/d63c349eac650f323710b7749c7d8f30~tplv-resize:100:100.image,314
ATS,https://p1-dcd.byteimg.com/img/motor-mis-img/66b9b74e9bf243082402bb1239d3638e~tplv-resize:100:100.image,313
Abarth,https://p1-dcd.byteimg.com/img/motor-mis-img/cc918cd5611b5243d24b02017cafafa0~tplv-resize:100:100.image,538
Aspark,https://p1-dcd.byteimg.com/img/motor-mis-img/2a0cbdbffe78079b33a97ca4196425f0~tplv-resize:100:100.image,364
Ariel,https://p1-dcd.byteimg.com/img/motor-mis-img/b20f5f1fa51057d07422cbdd22f15eeb~tplv-resize:100:100.image,402
Atlis,https://p1-dcd.byteimg.com/img/motor-mis-img/57fe99e2eb05f42578c725e864d69235~tplv-resize:100:100.image,476
AEHRA,https://p1-dcd.byteimg.com/img/motor-mis-img/728ce96eb2d7d06554f730ed19f09035~tplv-resize:100:100.image,533
Alpha Motor,https://p1-dcd.byteimg.com/img/motor-mis-img/b203a895582669d9c6c4145d830fff69~tplv-resize:100:100.image,549
AIM,https://p3-dcd.byteimg.com/img/tos-cn-i-dcdx/6a5dc7553fe5455c8f407bba3af807ef~tplv-resize:0:0.png,879
AIXAM,https://p3-dcd.byteimg.com/img/tos-cn-i-dcdx/fb429f3ead694177aaa312f219a0bdbd~tplv-resize:0:0.png,10337
埃尚,https://p3-dcd.byteimg.com/img/tos-cn-i-dcdx/dc7a8a70b83e497db8492de7367e7326~tplv-resize:0:0.png?psm=motor.car_page.go_api,10433
APEX,https://p1-dcd.byteimg.com/img/motor-mis-img/bba02dc57c9c3664fc839145941198bc~tplv-resize:100:100.image,380
阿尔特,https://p1-dcd.byteimg.com/img/tos-cn-i-dcdx/ab45488efec7494dae3117a2738a950e~tplv-resize:0:0.png,561
AC Cars,https://p1-dcd.byteimg.com/img/tos-cn-i-dcdx/108ffa0e982b4c6f84d046ab37ac8904~tplv-resize:0:0.png,873
AFEELA,https://p1-dcd.byteimg.com/img/tos-cn-i-dcdx/dd245d95cb194e5e8d7d117d14d99ae3~tplv-resize:0:0.png,563
Alpine,https://p1-dcd.byteimg.com/img/motor-mis-img/0a74273e9a0a2dca6d19ee840b37ac5b~tplv-resize:100:100.image,539
阿莫迪罗,https://p1-dcd.byteimg.com/img/motor-mis-img/676159269bf523f90f86e078e1e2a807~tplv-resize:100:100.image,431
Aviar,https://p1-dcd.byteimg.com/img/motor-mis-img/b0ca081b642b22988785fad8ec601f9e~tplv-resize:100:100.image,474
Aznom,https://p1-dcd.byteimg.com/img/motor-mis-img/7837ab051f7ccaf6263a3cb95b3cbe9d~tplv-resize:100:100.image,511
阿娜亚,https://p3-dcd.byteimg.com/img/motor-mis-img/lpa-592c5ed3f19b3e334a5bc2e455b2aeaa~tplv-resize:0:0.image,10334
爱旅房车,https://p9-dcd.byteimg.com/img/motor-mis-img/lpa-4cbd837c63c0e91fedae9a53998c7ede~tplv-resize:0:0.image,10344
Aptera,https://p9-dcd.byteimg.com/img/tos-cn-i-dcdx/93a81506b1bd4a248b57577bdb3a0e8e~tplv-resize:0:0.png?psm=motor.car_page.go_api,10407
奔驰,https://p3-dcd.byteimg.com/img/tos-cn-i-dcdx/d2956b62332f45e09f5538e8444a5454~tplv-resize:0:0.png?psm=motor.car_page.go_api,3
宝马,https://p1-dcd.byteimg.com/img/motor-mis-img/4867710a834bd648ba55797ba5e37f14~tplv-resize:100:100.image,4
本田,https://p1-dcd.byteimg.com/img/tos-cn-i-dcdx/ce848b3a359d48ee97a3ffbc79c99aa8~tplv-resize:0:0.png,9
别克,https://p1-dcd.byteimg.com/img/motor-mis-img/d43a7581e90f508acb9bceb87faaed84~tplv-resize:100:100.image,12
比亚迪,https://p1-dcd.byteimg.com/img/motor-mis-img/10a76eee736808997549bbb0f716e1cb~tplv-resize:100:100.image,16
保时捷,https://p3-dcd.byteimg.com/img/tos-cn-i-dcdx/d809a071a391474c8067edeb637c328f~tplv-resize:0:0.png,20
奔腾,https://p1-dcd.byteimg.com/img/tos-cn-i-dcdx/bf354d6392e44dda9521e4059ae88e21~tplv-resize:0:0.png,27
宾利,https://p9-dcd.byteimg.com/img/tos-cn-i-dcdx/0e5eb93d307048938f67924863f8d7b3~tplv-resize:0:0.png?psm=motor.car_page.go_api,47
宝骏,https://p3-dcd.byteimg.com/img/tos-cn-i-dcdx/5d582b3d971048dfa64c60a94e9d3ce8~tplv-resize:0:0.png?psm=motor.car_page.go_api,366
标致,https://p1-dcd.byteimg.com/img/motor-mis-img/0929d7fb1f98a067e02567cbf81db1e9~tplv-resize:100:100.image,61
北京越野,https://p9-dcd.byteimg.com/img/tos-cn-i-dcdx/27aaa6f467454c4bb26fed0a212640bc~tplv-resize:0:0.png?psm=motor.car_page.go_api,52
北京汽车,https://p3-dcd.byteimg.com/img/tos-cn-i-dcdx/6e45af447ab741c2862fd7e91c027432~tplv-resize:0:0.png?psm=motor.car_page.go_api,68
北汽新能源,https://p1-dcd.byteimg.com/img/motor-mis-img/705b84f5ef9407db3d280ab7915a8f1c~tplv-resize:100:100.image,93
北京汽车制造厂,https://p1-dcd.byteimg.com/img/motor-mis-img/f921574ac8c4f4e1cc0769ea2029f57d~tplv-resize:100:100.image,78
北汽昌河,https://p1-dcd.byteimg.com/img/motor-mis-img/7266db410b1e54125af5261fc59b42d8~tplv-resize:100:100.image,60
北汽瑞翔,https://p1-dcd.byteimg.com/img/motor-mis-img/836c22c56fc33889ad46342f508254a7~tplv-resize:100:100.image,444
北汽幻速,https://p1-dcd.byteimg.com/img/motor-mis-img/c9b914f4becfe41c1c4f34db9c930557~tplv-resize:100:100.image,94
北汽威旺,https://p1-dcd.byteimg.com/img/motor-mis-img/24c96f632eff54fd4518b0737b843c3e~tplv-resize:100:100.image,69
宝沃,https://p1-dcd.byteimg.com/img/motor-mis-img/334846cd3bc21a011b0eb99c87d7dd38~tplv-resize:100:100.image,116
博速,https://p1-dcd.byteimg.com/img/motor-mis-img/0e3a71ddca9e1b559b9fcf2af0b0d37a~tplv-resize:100:100.image,118
比速汽车,https://p1-dcd.byteimg.com/img/motor-mis-img/591a1f28b4726cb7d7f0f81757f0fe32~tplv-resize:100:100.image,117
Bowler,https://p1-dcd.byteimg.com/img/motor-mis-img/0fca62925cbf729b06e4602fd82f95d8~tplv-resize:100:100.image,452
百智新能源,https://p1-dcd.byteimg.com/img/motor-mis-img/c244911965f26d377b8d63e62a35a804~tplv-resize:100:100.image,459
宝能汽车,https://p1-dcd.byteimg.com/img/motor-mis-img/f6dd15abb11c11580da6181d9a671156~tplv-resize:100:100.image,507
Bertone,https://p1-dcd.byteimg.com/img/tos-cn-i-dcdx/4d3e1541defc4f02a9c16d0e363407fd~tplv-resize:0:0.png,560
Bovensiepen,https://p9-dcd.byteimg.com/img/tos-cn-i-dcdx/d09d7c5311e14503b5792047709ca4a3~tplv-resize:0:0.png?psm=motor.car_page.go_api,10423
北汽道达,https://p1-dcd.byteimg.com/img/motor-mis-img/5e3bbb8a059862abfb71fcac77ce04f4~tplv-resize:100:100.image,175
比德文汽车,https://p1-dcd.byteimg.com/img/motor-mis-img/9724a3e6a624e1b1be8976f1e04ab9a1~tplv-resize:100:100.image,334
比克汽车,https://p1-dcd.byteimg.com/img/motor-mis-img/41db6d6976aafb8e805f9efa50327fbe~tplv-resize:100:100.image,411
北京清行,https://p1-dcd.byteimg.com/img/motor-mis-img/5d8149b4ab555696cf45e3d24b3e0e23~tplv-resize:100:100.image,240
博郡汽车,https://p1-dcd.byteimg.com/img/motor-mis-img/a66bf1d85a5cd542fa27f8f47f40d15b~tplv-resize:100:100.image,263
布加迪,https://p1-dcd.byteimg.com/img/motor-mis-img/a3284e084efca5c9a02935414a41edeb~tplv-resize:100:100.image,82
巴菲特,https://p3-dcd.byteimg.com/img/tos-cn-i-dcdx/d98985207d6d4aacbce148b4163e9ecb~tplv-resize:0:0.png,906
拜腾,https://p1-dcd.byteimg.com/img/motor-mis-img/8a63689277456a962cecda2060a7ccbf~tplv-resize:100:100.image,204
宾尼法利纳,https://p1-dcd.byteimg.com/img/motor-mis-img/5be891c4d6ba52c93b1c261afc5cf233~tplv-resize:100:100.image,219
宝腾汽车,https://p1-dcd.byteimg.com/img/motor-mis-img/b0eebdfad53d17e8106523324ac4bc32~tplv-resize:100:100.image,254
北汽泰普,https://p1-dcd.byteimg.com/img/motor-mis-img/20e2c3995d35ac111d4bf642ac5d9b42~tplv-resize:100:100.image,407
保斐利,https://p1-dcd.byteimg.com/img/motor-mis-img/a65be9a2d1a09ec7d42af7b2f0c42d62~tplv-resize:100:100.image,226
百度Apollo,https://p1-dcd.byteimg.com/img/motor-mis-img/60870423ec7b7bb1eecba39717e418b1~tplv-resize:100:100.image,526
Bollinger,https://p1-dcd.byteimg.com/img/motor-mis-img/5a510ad1733716ada50ac7fe92bebb31~tplv-resize:100:100.image,346
博世,https://p1-dcd.byteimg.com/img/motor-mis-img/b5c1a31fcf1616690dcabcec496fb571~tplv-resize:100:100.image,270
BAC,https://p1-dcd.byteimg.com/img/motor-mis-img/0f2d91c1973b49e5a2f042bc0e3311a7~tplv-resize:100:100.image,315
BeyonCa,https://p1-dcd.byteimg.com/img/motor-mis-img/0fa945a9eade2b643739f3b35e8f8169~tplv-resize:100:100.image,545
Bizzarrini,https://p3-dcd.byteimg.com/img/tos-cn-i-dcdx/1a792ada657b4753b82e2f648339615d~tplv-resize:0:0.png,890
长安,https://p3-dcd.byteimg.com/img/tos-cn-i-dcdx/7460909912f44a8391ba22a7fd008867~tplv-resize:0:0.png,35
长安启源,https://p9-dcd.byteimg.com/img/tos-cn-i-dcdx/44aa0406ba774fcda90d5c77e4bd61c8~tplv-resize:0:0.png?psm=motor.car_page.go_api,870
长城,https://p9-dcd.byteimg.com/img/tos-cn-i-dcdx/f7234a823e244115a751ea54a606d372~tplv-resize:0:0.png?psm=motor.car_page.go_api,8
长安欧尚,https://p1-dcd.byteimg.com/img/motor-mis-img/4b40d2b4908add3adf43db45963328b2~tplv-resize:100:100.image,119
长安凯程,https://p3-dcd.byteimg.com/img/tos-cn-i-dcdx/121d9cbe66e84d079907d46669ff28f0~tplv-resize:0:0.png?psm=motor.car_page.go_api,171
长安跨越,https://p1-dcd.byteimg.com/img/motor-mis-img/6fc54f12db026547a3a78445e2b8985e~tplv-resize:100:100.image,210
创维汽车,https://p9-dcd.byteimg.com/img/tos-cn-i-dcdx/899bcccd66d5439ab7c6ff835f24fe43~tplv-resize:0:0.png,368
成功汽车,https://p1-dcd.byteimg.com/img/motor-mis-img/734e33465e17efb702ed5ccf42ac5856~tplv-resize:100:100.image,120
橙仕,https://p1-dcd.byteimg.com/img/motor-mis-img/9651eaf634e545c8db97c78704bb99f5~tplv-resize:100:100.image,421
车驰汽车,https://p1-dcd.byteimg.com/img/motor-mis-img/02f9bf3357f05823aa2f98f6eb1114c6~tplv-resize:100:100.image,304
创维商用车,https://p3-dcd.byteimg.com/img/tos-cn-i-dcdx/f587d7c9d5ab45ee887d8baec9e63d42~tplv-resize:0:0.png,148
Cupra,https://p1-dcd.byteimg.com/img/motor-mis-img/dce8069cbd866851b0e0a36643cf0ae2~tplv-resize:100:100.image,341
刺猬汽车,https://p1-dcd.byteimg.com/img/motor-mis-img/26db4e1c4b65d2d91767461a99f53258~tplv-resize:100:100.image,233
昶洧,https://p1-dcd.byteimg.com/img/motor-mis-img/88feec2f2a09975a813f293ab40361fa~tplv-resize:100:100.image,227
长江·EV,https://p1-dcd.byteimg.com/img/motor-mis-img/208973b9111e5003104bb2c8db3947d1~tplv-resize:100:100.image,180
曹操汽车,https://p1-dcd.byteimg.com/img/tos-cn-i-dcdx/5c699f46ffac41f3aa7dc6ab3c612de0~tplv-resize:0:0.png,867
Corbellati,https://p1-dcd.byteimg.com/img/motor-mis-img/d242482fba630ea2833ae62b83d62db9~tplv-resize:100:100.image,217
Conquest,https://p1-dcd.byteimg.com/img/motor-mis-img/fe96732b81a913384063a579e701d18c~tplv-resize:100:100.image,316
Caterham,https://p1-dcd.byteimg.com/img/motor-mis-img/c85a4ba103ca7fa6364daf5b9a191076~tplv-resize:100:100.image,228
Canoo,https://p1-dcd.byteimg.com/img/motor-mis-img/5d953ec38128331ad2960c4e4f7552be~tplv-resize:100:100.image,345
Czinger,https://p1-dcd.byteimg.com/img/motor-mis-img/6d6c98b1b6f522ea14d1861b69a02454~tplv-resize:100:100.image,376
Continental,https://p1-dcd.byteimg.com/img/motor-mis-img/f8fe6fdd55b2348ce93f53eb1ba90a57~tplv-resize:100:100.image,458
CEER,https://p9-dcd.byteimg.com/img/tos-cn-i-dcdx/e532ac11ae9946ec9d0882479c45bc4a~tplv-resize:0:0.png?psm=motor.car_page.go_api,10441
大众,https://p1-dcd.byteimg.com/img/motor-mis-img/343173efb2ab28cda1b0e5a5b49dab8e~tplv-resize:100:100.image,1
东风,https://p1-dcd.byteimg.com/img/tos-cn-i-dcdx/f7cf20ec75014574b5afe7be0899e118~tplv-resize:0:0.png,91
东风风行,https://p1-dcd.byteimg.com/img/motor-mis-img/51504ccf9decf37772e06597572c57f7~tplv-resize:100:100.image,70
东风风神,https://p1-dcd.byteimg.com/img/motor-mis-img/603dedb8f70ad1ec6cd3fc97c0cbbb11~tplv-resize:100:100.image,37
大通,https://p3-dcd.byteimg.com/img/tos-cn-i-dcdx/437694c86b4f4a66821a691e4286d9b7~tplv-resize:0:0.png?psm=motor.car_page.go_api,108
东风纳米,https://p3-dcd.byteimg.com/img/tos-cn-i-dcdx/d76ab376af94443997a5ad66699a3dc0~tplv-resize:0:0.png,417
道奇,https://p1-dcd.byteimg.com/img/motor-mis-img/50810534aec9c258b515074409aea66f~tplv-resize:100:100.image,54
DS,https://p1-dcd.byteimg.com/img/motor-mis-img/ca1fd6560e4c4cad385aef01512bc28a~tplv-resize:100:100.image,55
东南,https://p1-dcd.byteimg.com/img/motor-mis-img/4cf3feed644684d62c68068389ef094c~tplv-resize:100:100.image,77
东风风光,https://p1-dcd.byteimg.com/img/motor-mis-img/d2f83dcd61d909426b492bbd9c3d4c72~tplv-resize:100:100.image,95
东风奕派,https://p3-dcd.byteimg.com/img/tos-cn-i-dcdx/6d63563d575347e38da80de539a2f6d7~tplv-resize:0:0.png,891
东风小康,https://p1-dcd.byteimg.com/img/motor-mis-img/c38e8de9e6da9027140ee88965b507b6~tplv-resize:100:100.image,79
东风风度,https://p1-dcd.byteimg.com/img/tos-cn-i-dcdx/a7f61b74e422474199803aa79c7fe608~tplv-resize:0:0.png,92
东风富康,https://p1-dcd.byteimg.com/img/motor-mis-img/6924a6a11d8ff8699e9a926881d3935b~tplv-resize:100:100.image,373
东风·瑞泰特,https://p1-dcd.byteimg.com/img/motor-mis-img/c479931e543e61f665e4d67f62614e93~tplv-resize:100:100.image,230
大乘汽车,https://p1-dcd.byteimg.com/img/motor-mis-img/c2c418ef843dd6078417297f89f489f9~tplv-resize:100:100.image,246
大运,https://p1-dcd.byteimg.com/img/motor-mis-img/2e7c5871c68d642ab27969820abc9bb2~tplv-resize:100:100.image,372
电动屋,https://p1-dcd.byteimg.com/img/motor-mis-img/38b0ed1ecabe112d603bf286d4c294db~tplv-resize:100:100.image,451
大发,https://p1-dcd.byteimg.com/img/motor-mis-img/b4d0ccf9b9b8c55ffd161ae37b4aed85~tplv-resize:100:100.image,121
电咖,https://p1-dcd.byteimg.com/img/motor-mis-img/1ff2d97b8024e417997e73d796e85f0b~tplv-resize:100:100.image,197
Dacia,https://p1-dcd.byteimg.com/img/motor-mis-img/1a22e98007a736bc5534db120df868ea~tplv-resize:100:100.image,183
Datsun,https://p1-dcd.byteimg.com/img/motor-mis-img/d1ffce8920662d5b510280d8d0f4cef1~tplv-resize:100:100.image,291
De Tomaso,https://p1-dcd.byteimg.com/img/motor-mis-img/a083eb2b89a98a1836e31f07a67b1b8b~tplv-resize:100:100.image,337
Donkervoort,https://p1-dcd.byteimg.com/img/motor-mis-img/2f105513c51188f6eb6eb0f0a4d58ead~tplv-resize:100:100.image,294
Dianchè,https://p1-dcd.byteimg.com/img/motor-mis-img/307f9dc036fe1e5428572dbac1e7b0a3~tplv-resize:100:100.image,257
DeLorean,https://p1-dcd.byteimg.com/img/motor-mis-img/aa783538378f5dd27b0decc8970c10ed~tplv-resize:100:100.image,295
Drako,https://p1-dcd.byteimg.com/img/motor-mis-img/9dc950a2606c155fb81ba07af5bca8f6~tplv-resize:100:100.image,353
DAVID BROWN,https://p1-dcd.byteimg.com/img/motor-mis-img/f9793a5a2e9b736209293fb2ad8e2021~tplv-resize:100:100.image,397
DEUS Automobiles,https://p1-dcd.byteimg.com/img/motor-mis-img/871f2f990ec436e0eae69ab85eea9f6a~tplv-resize:100:100.image,509
东风氢舟,https://p1-dcd.byteimg.com/img/motor-mis-img/603dedb8f70ad1ec6cd3fc97c0cbbb11~tplv-resize:100:100.image,521
Delage,https://p1-dcd.byteimg.com/img/motor-mis-img/e33341259b3838eb6fc1a54443ec28d8~tplv-resize:100:100.image,523
大力牛魔王,https://p1-dcd.byteimg.com/img/tos-cn-i-dcdx/b7fb6894a4c64aa798d0d3bba11f30c9~tplv-resize:0:0.png,551
De Dion-Bouton,https://p3-dcd.byteimg.com/img/tos-cn-i-dcdx/d757711a6b5443849bc2b730841a35d8~tplv-resize:0:0.png,10319
Devalliet,https://p3-dcd.byteimg.com/img/tos-cn-i-dcdx/e62250f1e91d405c8fd7f5a3fb12255f~tplv-resize:0:0.png,10340
DEVINCI,https://p3-dcd.byteimg.com/img/tos-cn-i-dcdx/ed4118f3150e44829804c5a31405d6a6~tplv-resize:0:0.png,10341
dÄHLer,https://p1-dcd.byteimg.com/img/motor-mis-img/df5125fc751cf8ba6ac0c698d2e1a252~tplv-resize:100:100.image,427
戴德房车,https://p3-dcd.byteimg.com/img/tos-cn-i-dcdx/efd250a55a764d09a7ff9853821d4bd2~tplv-resize:0:0.png,10300
大驰房车,https://p9-dcd.byteimg.com/img/tos-cn-i-dcdx/d4952be048ef46c89cdb36efd81d9f3d~tplv-resize:0:0.png,10311
212,https://p3-dcd.byteimg.com/img/tos-cn-i-dcdx/8fc2d7b06c534cb096848256ce3a8bef~tplv-resize:0:0.png,10012
Elemental,https://p1-dcd.byteimg.com/img/motor-mis-img/1965dc60b4ac1518d2e25db53c522ced~tplv-resize:100:100.image,293
Elektron,https://p1-dcd.byteimg.com/img/motor-mis-img/f481e350734f29fe1b3d0746cb7a04a5~tplv-resize:100:100.image,392
E-Legend,https://p1-dcd.byteimg.com/img/motor-mis-img/cecd0a67a6869dd8dc7ab81e73d5d7bf~tplv-resize:100:100.image,456
EdisonFuture,https://p1-dcd.byteimg.com/img/motor-mis-img/9ce777381d5e68415f55bc44d511678c~tplv-resize:100:100.image,472
Electra Meccanica,https://p1-dcd.byteimg.com/img/motor-mis-img/4774e965753c0b7e544629689fd58365~tplv-resize:100:100.image,522
e.GO,https://p1-dcd.byteimg.com/img/motor-mis-img/7b934b6dcea126ae5943c59406c42b9c~tplv-resize:100:100.image,541
Edsel,https://p9-dcd.byteimg.com/img/tos-cn-i-dcdx/54f85e7aeaf0425993250b1233a1492a~tplv-resize:0:0.png,10329
丰田,https://p1-dcd.byteimg.com/img/tos-cn-i-dcdx/66f2b4fa526340c589fe5d2b6bdd4d11~tplv-resize:0:0.png,5
福特,https://p1-dcd.byteimg.com/img/motor-mis-img/26bf5049dc5224161785225163fe6959~tplv-resize:100:100.image,7
飞凡汽车,https://p1-dcd.byteimg.com/img/motor-mis-img/e480bbf25c481fced2b4004576b39377~tplv-resize:100:100.image,401
方程豹,https://p3-dcd.byteimg.com/img/tos-cn-i-dcdx/5b96a8b1836d4107878280cd08b7c453~tplv-resize:0:0.png,861
法拉利,https://p1-dcd.byteimg.com/img/motor-mis-img/30f928f03a9e85dc1d6ce484cb0e938f~tplv-resize:100:100.image,44
FREELANDER神行者,https://p3-dcd.byteimg.com/img/tos-cn-i-dcdx/11f13760e739418896b9683a73e127ad~tplv-resize:0:0.png?psm=motor.car_page.go_api,10447
福田,https://p1-dcd.byteimg.com/img/motor-mis-img/f4385768dc61f72ff8670bef60ab9c9f~tplv-resize:100:100.image,57
菲亚特,https://p1-dcd.byteimg.com/img/motor-mis-img/db8d97c45d7512c4d136a0b871f8fabe~tplv-resize:100:100.image,56
福迪,https://p1-dcd.byteimg.com/img/motor-mis-img/de4ada9ef215972b0c07b04ae83394fc~tplv-resize:100:100.image,122
飞碟汽车,https://p1-dcd.byteimg.com/img/motor-mis-img/939e626e4e05b50ff3899f91697af2fe~tplv-resize:100:100.image,404
Fisker,https://p1-dcd.byteimg.com/img/motor-mis-img/39bdda2e867d2a890c7a396c63b9b653~tplv-resize:100:100.image,205
Faraday Future,https://p1-dcd.byteimg.com/img/motor-mis-img/a1f936ed93e5564f61e4e707dacd5785~tplv-resize:100:100.image,229
Faraday X,https://p3-dcd.byteimg.com/img/tos-cn-i-dcdx/c13321848feb46aaa439281634a15d0a~tplv-resize:0:0.png?psm=motor.car_page.go_api,10408
Foxtron,https://p1-dcd.byteimg.com/img/motor-mis-img/95ce134dafca50f502316a467d2bd3e8~tplv-resize:100:100.image,466
FM Auto,https://p1-dcd.byteimg.com/img/motor-mis-img/d92b752d562ee284d0794c9d51a50337~tplv-resize:100:100.image,317
弗那萨利,https://p1-dcd.byteimg.com/img/motor-mis-img/ff425e2354fa7182ccb9e7002c161141~tplv-resize:100:100.image,284
法诺新能源,https://p1-dcd.byteimg.com/img/motor-mis-img/45e5e60fd18481c8d5f4a5a1c8962c68~tplv-resize:100:100.image,462
Fresco,https://p3-dcd.byteimg.com/img/tos-cn-i-dcdx/61c2aae782784502a7e2b85f638fea32~tplv-resize:0:0.png,888
富古汽车,https://p3-dcd.byteimg.com/img/tos-cn-i-dcdx/161584b34e0e42ba8e1ab6ed742b178a~tplv-resize:0:0.png?psm=motor.car_page.go_api,10420
广汽传祺,https://p1-dcd.byteimg.com/img/motor-mis-img/dfddc97d247ec51e0fa082ebcfd7ad4e~tplv-resize:100:100.image,40
广汽昊铂,https://p3-dcd.byteimg.com/img/tos-cn-i-dcdx/e3ff1783b1f64295877464e9f7340002~tplv-resize:0:0.png,880
广汽集团,https://p3-dcd.byteimg.com/img/tos-cn-i-dcdx/7ec2c859a4e144c78634e21bc60b3c37~tplv-resize:0:0.png,237
国金汽车,https://p1-dcd.byteimg.com/img/motor-mis-img/11096b9e6fe282d161c13318b986f864~tplv-resize:100:100.image,191
高合,https://p1-dcd.byteimg.com/img/motor-mis-img/12bf3329a611cf9222b88b4e9fed5b6a~tplv-resize:100:100.image,249
国机智骏,https://p1-dcd.byteimg.com/img/motor-mis-img/adcafeae0f8acbaebc8371daef89b5a4~tplv-resize:100:100.image,266
国新新能源,https://p1-dcd.byteimg.com/img/motor-mis-img/e8d9aed938dd5e332c4d8b0a0c9ebdbc~tplv-resize:100:100.image,506
观致,https://p1-dcd.byteimg.com/img/motor-mis-img/46dad0c85f97cd9dde48fff4e4bb7882~tplv-resize:100:100.image,58
广通客车,https://p1-dcd.byteimg.com/img/motor-mis-img/a06a0ff9f8506674943e0f6827564008~tplv-resize:100:100.image,335
广汽吉奥,https://p1-dcd.byteimg.com/img/motor-mis-img/e620f3a98282161dd5d6224a97cb3f0c~tplv-resize:100:100.image,97
光冈,https://p1-dcd.byteimg.com/img/motor-mis-img/d6861f2032d7cdb0bc21710ad2cdee08~tplv-resize:100:100.image,124
GMC,https://p1-dcd.byteimg.com/img/motor-mis-img/bd2e6eafdd8daa08be5fe7c045b99105~tplv-resize:100:100.image,96
GYON,https://p1-dcd.byteimg.com/img/motor-mis-img/9983e6c42a9a92ef863d0d4c02f3e67f~tplv-resize:100:100.image,268
GFG Style,https://p1-dcd.byteimg.com/img/motor-mis-img/b36244ab2200f7d0bbc49c731f0f8b8a~tplv-resize:100:100.image,267
Ginetta,https://p1-dcd.byteimg.com/img/motor-mis-img/a4b989bfb4c83f57632deb476986fd56~tplv-resize:100:100.image,318
GTA,https://p1-dcd.byteimg.com/img/motor-mis-img/fd6b43e24557cce9542b1c74c3781cb0~tplv-resize:100:100.image,321
Gumpert,https://p1-dcd.byteimg.com/img/motor-mis-img/63a1a02885c180e13d72a3c571cc1d43~tplv-resize:100:100.image,283
GAZ,https://p1-dcd.byteimg.com/img/motor-mis-img/1b71a4088ee31c7b6d6b5bccfd7c7c7f~tplv-resize:100:100.image,290
格罗夫,https://p1-dcd.byteimg.com/img/motor-mis-img/212e9a476357213e804244d3739e81e5~tplv-resize:100:100.image,271
谷歌,https://p1-dcd.byteimg.com/img/motor-mis-img/ee9a19f14ef172a5d896cbd5f3c49ca6~tplv-resize:100:100.image,342
广汽领程,https://p9-dcd.byteimg.com/img/tos-cn-i-dcdx/0826cead71854aff9bdf4079dcc617fb~tplv-resize:0:0.png?psm=motor.car_page.go_api,10438
GLM,https://p1-dcd.byteimg.com/img/motor-mis-img/f6c8cde4ca1b32a091b45cf27b26a56a~tplv-resize:100:100.image,320
GMA,https://p1-dcd.byteimg.com/img/motor-mis-img/eb5fb48403025142da3b5b8a9b10da70~tplv-resize:100:100.image,400
G-POWER,https://p1-dcd.byteimg.com/img/motor-mis-img/ae7daf70f13e8e149e781861bb01cf1d~tplv-resize:100:100.image,423
GUNTHER WERKS,https://p1-dcd.byteimg.com/img/motor-mis-img/11d23470e0be7b2a898a919b76c9687d~tplv-resize:100:100.image,433
GEMBALLA,https://p1-dcd.byteimg.com/img/motor-mis-img/869516174286eeae526018924646238f~tplv-resize:100:100.image,445
G\u0026B Design,https://p1-dcd.byteimg.com/img/motor-mis-img/f9f14168eb3e51d1b03195206a3e5c5b~tplv-resize:100:100.image,460
国吉商用车,https://p9-dcd.byteimg.com/img/tos-cn-i-dcdx/e77dc401423c404aad0a5d9f21c43581~tplv-resize:0:0.png?psm=motor.car_page.go_api,559
Giamaro,https://p9-dcd.byteimg.com/img/tos-cn-i-dcdx/9f0614f7c02d40e7b221190bd8b17efc~tplv-resize:0:0.png?psm=motor.car_page.go_api,10422
歌睿途,https://p3-dcd.byteimg.com/img/tos-cn-i-dcdx/3c954df8b3794e2da1da847892c8a1c6~tplv-resize:0:0.png,10309
哈弗,https://p1-dcd.byteimg.com/img/motor-mis-img/d557b170618043b5911d036fa7c8263f~tplv-resize:100:100.image,17
红旗,https://p1-dcd.byteimg.com/img/motor-mis-img/9a2cf4552de5fd67f7f3a1f241ed9b48~tplv-resize:100:100.image,59
华境,https://p3-dcd.byteimg.com/img/tos-cn-i-dcdx/11a366237610413a95ace118b5fba315~tplv-resize:0:0.png?psm=motor.car_page.go_api,10445
合创汽车,https://p3-dcd.byteimg.com/img/tos-cn-i-dcdx/4f077a35cfec413eb8dbb76751fa7f29~tplv-resize:0:0.png,303
海马,https://p1-dcd.byteimg.com/img/motor-mis-img/f85275e1f085c25d14e894c4d17c2795~tplv-resize:100:100.image,53
汉腾汽车,https://p1-dcd.byteimg.com/img/motor-mis-img/6cfc8d3664b7a9de66641d11f481e0a6~tplv-resize:100:100.image,126
华晨新日,https://p1-dcd.byteimg.com/img/motor-mis-img/772f1e3db3d2650776de7745ade9c626~tplv-resize:100:100.image,413
华泰,https://p1-dcd.byteimg.com/img/motor-mis-img/1474eb677f6f97f93bd40dcdc3fcdca8~tplv-resize:100:100.image,72
华泰新能源,https://p1-dcd.byteimg.com/img/motor-mis-img/1474eb677f6f97f93bd40dcdc3fcdca8~tplv-resize:100:100.image,99
恒驰,https://p1-dcd.byteimg.com/img/motor-mis-img/e6ce944f11e0db6c9aa2c3843ef50c5c~tplv-resize:100:100.image,399
华颂,https://p1-dcd.byteimg.com/img/motor-mis-img/27a749c4f43437c889c6fbd5f2587885~tplv-resize:100:100.image,131
黄海,https://p1-dcd.byteimg.com/img/motor-mis-img/32d6b9479c6ce7348aa12b9f1d5e327b~tplv-resize:100:100.image,132
海格,https://p1-dcd.byteimg.com/img/motor-mis-img/90efc10d555a6c1b65ea1446d6cae002~tplv-resize:100:100.image,125
汉龙汽车,https://p1-dcd.byteimg.com/img/motor-mis-img/959e32fe03bff73623ff773654bcae30~tplv-resize:100:100.image,343
恒天,https://p1-dcd.byteimg.com/img/motor-mis-img/09d565de789d85370e15937e1187c2da~tplv-resize:100:100.image,127
华凯,https://p1-dcd.byteimg.com/img/motor-mis-img/1f5a69a5c13f1eee567360ab5c874890~tplv-resize:100:100.image,128
华骐,https://p1-dcd.byteimg.com/img/motor-mis-img/b99debd01d9162e543288fd303339e85~tplv-resize:100:100.image,184
红星汽车,https://p1-dcd.byteimg.com/img/motor-mis-img/fb8ad40ae1cd655dc2610740a9aa2c1b~tplv-resize:100:100.image,241
悍马,https://p1-dcd.byteimg.com/img/motor-mis-img/7b7dccf1c0314b69d0d2b4c383a6c95a~tplv-resize:100:100.image,49
哈飞,https://p1-dcd.byteimg.com/img/motor-mis-img/d25fed556eb5b6605ea33377a7add8c0~tplv-resize:100:100.image,98
华普,https://p1-dcd.byteimg.com/img/motor-mis-img/a2d441449c77bf3961e00794e6fb637c~tplv-resize:100:100.image,130
货拉拉多拉,https://p9-dcd.byteimg.com/img/tos-cn-i-dcdx/63150931d5cf4b94abc71ca48695e641~tplv-resize:0:0.png?psm=motor.car_page.go_api,10428
Hennessey,https://p1-dcd.byteimg.com/img/motor-mis-img/5225766ba108d4c662125a96992db924~tplv-resize:100:100.image,220
霍顿,https://p1-dcd.byteimg.com/img/motor-mis-img/55b9e029cd3e422aa0f326222211fff0~tplv-resize:100:100.image,278
华梓汽车,https://p1-dcd.byteimg.com/img/motor-mis-img/35258a36d80b7a1e64716399a3efce38~tplv-resize:100:100.image,469
华夏领舰,https://p1-dcd.byteimg.com/img/motor-mis-img/1c702f7814bff2ed07e134661f702a8a~tplv-resize:100:100.image,531
Hopium,https://p1-dcd.byteimg.com/img/motor-mis-img/813f2de173bf09dcb1323606375497e1~tplv-resize:100:100.image,542
活越,https://p1-dcd.byteimg.com/img/tos-cn-i-dcdx/6a5dd2a0d7334cafa01a3ff7c963ddd8~tplv-resize:0:0.png,876
恒信致远,https://p9-dcd.byteimg.com/img/tos-cn-i-dcdx/b92ff1eddd8142bdbbdc3c6f06c357f9~tplv-resize:0:0.png,904
Hispano Suiza,https://p1-dcd.byteimg.com/img/motor-mis-img/66c32608ef3981ee1126ae82634ae1d8~tplv-resize:100:100.image,322
汇天,https://p3-dcd.byteimg.com/img/tos-cn-i-dcdx/b19586bc1f6d45709d1d538aee114cc8~tplv-resize:0:0.png?psm=motor.car_page.go_api,920
华利,https://p1-dcd.byteimg.com/img/motor-mis-img/52685fe09b4fda3d7dbe6bb1969e8db8~tplv-resize:100:100.image,129
Hudson,https://p1-dcd.byteimg.com/img/motor-mis-img/24c6f78f04056c59405394094d0ddb09~tplv-resize:100:100.image,391
HOFELE,https://p1-dcd.byteimg.com/img/motor-mis-img/6bcabce12042f5cde2d704ef2a2e6242~tplv-resize:100:100.image,437
Hyperion,https://p1-dcd.byteimg.com/img/motor-mis-img/798fb16d8eb41bf4b2d630be8a94439e~tplv-resize:100:100.image,403
宏远汽车,https://p1-dcd.byteimg.com/img/motor-mis-img/3a7af8e21a8ac6e63eacf36f9f2f5d1e~tplv-resize:100:100.image,418
恒润汽车,https://p1-dcd.byteimg.com/img/motor-mis-img/5c5d1de8f9d91a89a35de8c9ae53ba1a~tplv-resize:100:100.image,441
华人运通,https://p1-dcd.byteimg.com/img/motor-mis-img/b8c4c5f746699d78cee4e6bb4d5aea8f~tplv-resize:100:100.image,520
皓旅房车,https://p3-dcd.byteimg.com/img/tos-cn-i-dcdx/36d77c0f3bef44d292e35782df5fb643~tplv-resize:0:0.png,10307
iCAR,https://p9-dcd.byteimg.com/img/tos-cn-i-dcdx/915e23fe357d4fd6a1c53905e15eda54~tplv-resize:0:0.png,909
Icona,https://p1-dcd.byteimg.com/img/motor-mis-img/50efec31cfbf03b85d37685b67cba752~tplv-resize:100:100.image,165
Italdesign,https://p1-dcd.byteimg.com/img/motor-mis-img/c6c952213842183f44760354ec60490e~tplv-resize:100:100.image,223
Inferno,https://p1-dcd.byteimg.com/img/motor-mis-img/595738a4c70140498c9a759ca334db1a~tplv-resize:100:100.image,323
IED,https://p1-dcd.byteimg.com/img/motor-mis-img/c103c4a8a16337c144a7cb65fbfac457~tplv-resize:100:100.image,388
INKAS,https://p1-dcd.byteimg.com/img/motor-mis-img/4878afefcf2ca3fe9ef3abe5f9e703b5~tplv-resize:100:100.image,387
IZERA,https://p1-dcd.byteimg.com/img/motor-mis-img/0829291e2ac4c98d43e080b645a15ba0~tplv-resize:100:100.image,398
International Harvester,https://p3-dcd.byteimg.com/img/tos-cn-i-dcdx/526e5d4439ee4d5cad7feaf045d71077~tplv-resize:0:0.png,10322
Isotta Fraschini,https://p3-dcd.byteimg.com/img/tos-cn-i-dcdx/02f9050b5dc54a32841edec7ef4507a8~tplv-resize:0:0.png,10327
INDI,https://p3-dcd.byteimg.com/img/tos-cn-i-dcdx/346bf7b653424705b43553250f1d47c1~tplv-resize:0:0.png,488
吉利汽车,https://p1-dcd.byteimg.com/img/motor-mis-img/1badee776354a960ac16444f51dad339~tplv-resize:100:100.image,73
吉利银河,https://p1-dcd.byteimg.com/img/tos-cn-i-dcdx/8bac8e50316b4b96b9f9f58915dc7266~tplv-resize:0:0.png,858
极氪,https://p1-dcd.byteimg.com/img/motor-mis-img/f44eceb65e1590ab7aaab48a698feeed~tplv-resize:100:100.image,426
捷途,https://p3-dcd.byteimg.com/img/tos-cn-i-dcdx/4ae0e6b3285d45beb52c9d545b9ebe04~tplv-resize:0:0.png?psm=motor.car_page.go_api,209
捷豹,https://p1-dcd.byteimg.com/img/motor-mis-img/9ca75c567fa6804e672fab69c9697d92~tplv-resize:100:100.image,31
捷达,https://p1-dcd.byteimg.com/img/motor-mis-img/7f456a5056c5aee7e1b8d416f031c472~tplv-resize:100:100.image,260
捷途山海,https://p9-dcd.byteimg.com/img/tos-cn-i-dcdx/13fbc26eed39403aac6cf94d7417a63f~tplv-resize:0:0.png?psm=motor.car_page.go_api,10425
吉利几何,https://p3-dcd.byteimg.com/img/tos-cn-i-dcdx/a8a1a985444a49f7ba41fd8acb55106e~tplv-resize:0:0.png?psm=motor.car_page.go_api,264
捷尼赛思,https://p9-dcd.byteimg.com/img/tos-cn-i-dcdx/2d8f540b073b4c7db478f278ec242ad1~tplv-resize:0:0.png,273
Jeep,https://p1-dcd.byteimg.com/img/motor-mis-img/119d2dd7d9eef704e7d3135334996e6b~tplv-resize:100:100.image,14
ARCFOX极狐,https://p1-dcd.byteimg.com/img/motor-mis-img/5a5a4f58444966bda9e528afc5c14df7~tplv-resize:100:100.image,176
极越,https://p9-dcd.byteimg.com/img/tos-cn-i-dcdx/178c3c7e5f604a56a57c3a9f832c39aa~tplv-resize:0:0.png,489
江铃,https://p1-dcd.byteimg.com/img/motor-mis-img/b7c7930f6a6be58c3ae37de16e7fa772~tplv-resize:100:100.image,100
江铃晶马汽车,https://p3-dcd.byteimg.com/img/tos-cn-i-dcdx/c8b251bb5162450e905a0a2cf41978cb~tplv-resize:0:0.png,905
江淮汽车,https://p3-dcd.byteimg.com/img/tos-cn-i-dcdx/701fb2e64f16423f81dc1060fba0453f~tplv-resize:0:0.png,882
江淮瑞风,https://p1-dcd.byteimg.com/img/tos-cn-i-dcdx/cc9a0636b9424ce9bdb34418d7009447~tplv-resize:0:0.png,512
江淮钇为,https://p1-dcd.byteimg.com/img/tos-cn-i-dcdx/2496acb3d1af45619f04a4eb2a1fe4fd~tplv-resize:0:0.png,871
江汽集团,https://p3-dcd.byteimg.com/img/tos-cn-i-dcdx/28ae6d5e2fbb4b17ba1d15ea257f512b~tplv-resize:0:0.png?psm=motor.car_page.go_api,32
金杯,https://p9-dcd.byteimg.com/img/tos-cn-i-dcdx/bd6f6c401c8f4df9b884092c99b2c46f~tplv-resize:0:0.png?psm=motor.car_page.go_api,74
Polestar极星,https://p1-dcd.byteimg.com/img/motor-mis-img/bc0b6d995581dc7821541b0d83256f92~tplv-resize:100:100.image,196
钧天汽车,https://p1-dcd.byteimg.com/img/motor-mis-img/74c9f3610db96b32afdde80a66b2feef~tplv-resize:100:100.image,258
ROX极石,https://p3-dcd.byteimg.com/img/tos-cn-i-dcdx/22c8e7c239c546f9a35b08ae9a4d1ec6~tplv-resize:0:0.png?psm=motor.car_page.go_api,878
江铃集团新能源,https://p1-dcd.byteimg.com/img/motor-mis-img/7a13a26deecc339604f1e1a0e08a477b~tplv-resize:100:100.image,136
骏驰,https://p9-dcd.byteimg.com/img/tos-cn-i-dcdx/eefd4a63c12245aeb9b3f1c37d637f0e~tplv-resize:0:0.png?psm=motor.car_page.go_api,10404
九龙,https://p1-dcd.byteimg.com/img/motor-mis-img/74ce9f92eb5edfd96b94499681735c4a~tplv-resize:100:100.image,134
江南汽车,https://p1-dcd.byteimg.com/img/motor-mis-img/d28b84faca8b25d9f277ca8383c52b0c~tplv-resize:100:100.image,532
金龙,https://p1-dcd.byteimg.com/img/motor-mis-img/3bf6b1bf2e83e11cfcea4979f432720c~tplv-resize:100:100.image,140
金旅,https://p1-dcd.byteimg.com/img/motor-mis-img/6b70ea0488a12a06e3e08cecd6611abd~tplv-resize:100:100.image,133
金杯新能源,https://p1-dcd.byteimg.com/img/motor-mis-img/f812572312a113fa87808cd6d35c4bf5~tplv-resize:100:100.image,516
吉祥汽车,https://p3-dcd.byteimg.com/img/tos-cn-i-dcdx/c9be57d1107b427cb79cd97a9f0e4c3a~tplv-resize:0:0.png,910
君马汽车,https://p1-dcd.byteimg.com/img/motor-mis-img/abdb4f84ebeba15ebeaef019117cf635~tplv-resize:100:100.image,190
嘉远汽车,https://p1-dcd.byteimg.com/img/motor-mis-img/dea6a99dc7ebbc25976d84fc48c30cb4~tplv-resize:100:100.image,486
奇点汽车,https://p1-dcd.byteimg.com/img/motor-mis-img/a4f879285f31633b5b793abc8f7b581a~tplv-resize:100:100.image,225
金冠汽车,https://p1-dcd.byteimg.com/img/motor-mis-img/11fc4f087d51e310b137a84c0eb0909c~tplv-resize:100:100.image,383
金琥新能源,https://p1-dcd.byteimg.com/img/tos-cn-i-dcdx/8c9e520d2e6a4b6eb39fc13967109fea~tplv-resize:0:0.png,553
Jannarelly,https://p1-dcd.byteimg.com/img/motor-mis-img/2b3cf6c701aaf57386efc40b749ff62d~tplv-resize:100:100.image,354
JAECOO,https://p3-dcd.byteimg.com/img/tos-cn-i-dcdx/204b470fb7ff4d16bf04cd09b3cbd4bf~tplv-resize:0:0.png,939
佳跃,https://p3-dcd.byteimg.com/img/tos-cn-i-dcdx/0ad456eafd7244d6a8b74b21e94d88ee~tplv-resize:0:0.png,886
江铃旅居房车,https://p3-dcd.byteimg.com/img/tos-cn-i-dcdx/67bffde9352141d79bc1817b694d4705~tplv-resize:0:0.png,10302
旌航房车,https://p3-dcd.byteimg.com/img/motor-mis-img/lpa-9ff3b5e7f055d3f8e8bed89ed55327d5~tplv-resize:0:0.image,10352
凯迪拉克,https://p1-dcd.byteimg.com/img/motor-mis-img/e5023f5e3801a57c82644547c6f3b2a8~tplv-resize:100:100.image,30
克莱斯勒,https://p1-dcd.byteimg.com/img/motor-mis-img/39b2008c71917128d8eda9612c35e12d~tplv-resize:100:100.image,84
凯翼,https://p1-dcd.byteimg.com/img/motor-mis-img/72d2dee2c3bfdb738816da63d38bab89~tplv-resize:100:100.image,142
开瑞,https://p1-dcd.byteimg.com/img/motor-mis-img/d77e72e7439a3f6c66071614a46f9a90~tplv-resize:100:100.image,139
卡威,https://p1-dcd.byteimg.com/img/motor-mis-img/45be61aae109e4df2695269870a654af~tplv-resize:100:100.image,138
卡升,https://p1-dcd.byteimg.com/img/motor-mis-img/67db920833f391cd12bb18ffbbc0cd42~tplv-resize:100:100.image,137
KTM,https://p1-dcd.byteimg.com/img/motor-mis-img/8b95e0a8e8dc12c74b8526361495c420~tplv-resize:100:100.image,141
焜驰,https://p1-dcd.byteimg.com/img/motor-mis-img/ba897c57d8c4ad356aa6c3a8972c3d24~tplv-resize:100:100.image,513
卡尔森,https://p1-dcd.byteimg.com/img/motor-mis-img/3db4292262f5974a4a73477ac260f935~tplv-resize:100:100.image,135
开云汽车,https://p1-dcd.byteimg.com/img/motor-mis-img/144dd59ab728bab6cd491801b119e774~tplv-resize:100:100.image,259
克蒂汽车,https://p1-dcd.byteimg.com/img/motor-mis-img/75a64b84c6b68200e3260e216cf82fcb~tplv-resize:100:100.image,405
克慕勒,https://p9-dcd.byteimg.com/img/tos-cn-i-dcdx/1f930f4d7ed4415b85a6fbc1393af9e4~tplv-resize:0:0.png,482
科尼赛克,https://p1-dcd.byteimg.com/img/motor-mis-img/9639b0197a3ce749e9dbf20ce683f9fe~tplv-resize:100:100.image,83
Karma,https://p1-dcd.byteimg.com/img/motor-mis-img/b9c903f16c2e1d34087cfaa78e17fc66~tplv-resize:100:100.image,253
凯佰赫,https://p1-dcd.byteimg.com/img/motor-mis-img/6b250eab4282ff84fa10e6216e6020ad~tplv-resize:100:100.image,287
Kimera,https://p1-dcd.byteimg.com/img/motor-mis-img/0dde9c6af83b3a40f9e3ab5afedbf27f~tplv-resize:100:100.image,438
卡文汽车,https://p9-dcd.byteimg.com/img/tos-cn-i-dcdx/bf8d0061beda4872aee780ec228b5a27~tplv-resize:0:0.png?psm=motor.car_page.go_api,10403
Karlmann King,https://p1-dcd.byteimg.com/img/motor-mis-img/d3759d35237b53f31148b6ec6c79087a~tplv-resize:100:100.image,350
开利,https://p1-dcd.byteimg.com/img/motor-mis-img/598d62ef19748163ce877059bf5c1eb1~tplv-resize:100:100.image,355
KHANN,https://p1-dcd.byteimg.com/img/motor-mis-img/7bdd70c3b6f23087782636ae5f2babb9~tplv-resize:100:100.image,457
凯马汽车,https://p1-dcd.byteimg.com/img/motor-mis-img/3e9bb5a8bd34740c7b56ebc4cd23b34a~tplv-resize:100:100.image,470
KALMAR,https://p3-dcd.byteimg.com/img/tos-cn-i-dcdx/84356319c5614e5faf851a6955cc759f~tplv-resize:0:0.png,10299
KILOW,https://p9-dcd.byteimg.com/img/tos-cn-i-dcdx/427bc520845343a783c9f057a4e91b39~tplv-resize:0:0.png,10339
卡驰,https://p3-dcd.byteimg.com/img/tos-cn-i-dcdx/5ca47be513104bc0af7a988e5675d23a~tplv-resize:0:0.png?psm=motor.car_page.go_api,10446
宽大房车,https://p9-dcd.byteimg.com/img/motor-mis-img/lpa-d0a01d0a319384669cac19f366e93be8~tplv-resize:0:0.image,10354
路虎,https://p1-dcd.byteimg.com/img/motor-mis-img/2c52e02dd202db11ffaf361a38ca44ac~tplv-resize:100:100.image,19
雷克萨斯,https://p1-dcd.byteimg.com/img/motor-mis-img/b43814293efa6db10b762da4d351bfe7~tplv-resize:100:100.image,22
林肯,https://p1-dcd.byteimg.com/img/motor-mis-img/6bad2891b5ccfb6b538c73b1d236ed59~tplv-resize:100:100.image,62
理想汽车,https://p1-dcd.byteimg.com/img/motor-mis-img/25321616a634e8f615a9c4225f792be2~tplv-resize:100:100.image,202
领克,https://p1-dcd.byteimg.com/img/motor-mis-img/ef40e34ea01b91d1be9f49d71d0cb0b4~tplv-resize:100:100.image,174
零跑汽车,https://p1-dcd.byteimg.com/img/motor-mis-img/71d99bd884bb2038ab560981fef08ae7~tplv-resize:100:100.image,207
乐道,https://p9-dcd.byteimg.com/img/tos-cn-i-dcdx/e58b27580d2f4ede8c67ac6c0d306ca4~tplv-resize:0:0.png,918
岚图,https://p1-dcd.byteimg.com/img/motor-mis-img/986dac13d0d128da9aabb3df683e9b34~tplv-resize:100:100.image,395
劳斯莱斯,https://p1-dcd.byteimg.com/img/motor-mis-img/e7357c5b6d10aff66747da83bdb78f99~tplv-resize:100:100.image,41
兰博基尼,https://p1-dcd.byteimg.com/img/motor-mis-img/8cd3841160b7fbfbc06547175e2aa7c1~tplv-resize:100:100.image,42
LEVC翼真汽车,https://p3-dcd.byteimg.com/img/tos-cn-i-dcdx/14bb7192ca174a34a90499e2f05ba65a~tplv-resize:0:0.png,324
铃木,https://p1-dcd.byteimg.com/img/motor-mis-img/d825ff1144573a973ea737f29402b015~tplv-resize:100:100.image,50
莲花跑车,https://p9-dcd.byteimg.com/img/tos-cn-i-dcdx/46343be41125443aac7d0faa9be02eda~tplv-resize:0:0.png?psm=motor.car_page.go_api,85
灵悉,https://p3-dcd.byteimg.com/img/tos-cn-i-dcdx/6d1ac189f0ee48e8b77aca352789e5ce~tplv-resize:0:0.png,901
领汇,https://p3-dcd.byteimg.com/img/tos-cn-i-dcdx/f9f4c77ccffc498fb2150d4f9a95bc6f~tplv-resize:0:0.png?psm=motor.car_page.go_api,10443
雷诺,https://p1-dcd.byteimg.com/img/motor-mis-img/1993ce02e63661880dab69062209a444~tplv-resize:100:100.image,46
陆风,https://p1-dcd.byteimg.com/img/motor-mis-img/774afc1d1534f4a91a3d99373c90f1b8~tplv-resize:100:100.image,102
猎豹汽车,https://p1-dcd.byteimg.com/img/motor-mis-img/6171ee5f876108e210598bf2e64cf06e~tplv-resize:100:100.image,76
理念,https://p1-dcd.byteimg.com/img/motor-mis-img/127ab04b01f7b644f6323468e1fc9cbe~tplv-resize:100:100.image,111
雷丁,https://p1-dcd.byteimg.com/img/motor-mis-img/e291f84aff2e384328790c4713d5a804~tplv-resize:100:100.image,282
蓝电,https://p1-dcd.byteimg.com/img/tos-cn-i-dcdx/3b18f2c8423f45079d08d83d45eda7a5~tplv-resize:0:0.png,868
雷驰汽车,https://p1-dcd.byteimg.com/img/tos-cn-i-dcdx/d2fae6b959cd48f5a1919595d596e226~tplv-resize:0:0.png,865
Lorinser,https://p1-dcd.byteimg.com/img/motor-mis-img/cec4c5353f656e341df3e81c9a7cbe29~tplv-resize:100:100.image,145
罗夫哈特,https://p1-dcd.byteimg.com/img/motor-mis-img/2dd86b61e56868516dd78a0aef8556c5~tplv-resize:100:100.image,248
领途汽车,https://p1-dcd.byteimg.com/img/motor-mis-img/a6c4c170f5992b4a158723d75c087ec8~tplv-resize:100:100.image,247
陆地方舟,https://p1-dcd.byteimg.com/img/motor-mis-img/87411582d8580d11ab48c88d73ef806a~tplv-resize:100:100.image,146
龙程汽车,https://p1-dcd.byteimg.com/img/motor-mis-img/1d9dcfede849d2a01a3ffa7ba16733d8~tplv-resize:100:100.image,415
莱茵汽车,https://p1-dcd.byteimg.com/img/motor-mis-img/b323dac3254b5fd167f9eae26bee49d1~tplv-resize:100:100.image,467
Lightyear,https://p1-dcd.byteimg.com/img/motor-mis-img/af239779d37dd497c96ff2171bb54b86~tplv-resize:100:100.image,517
菱势汽车,https://p9-dcd.byteimg.com/img/tos-cn-i-dcdx/1eb6fda0befe42e682ca0cc85448b6e1~tplv-resize:0:0.png,877
Lion-Peugeot,https://p9-dcd.byteimg.com/img/tos-cn-i-dcdx/b45a75fcb3ee42ca8d1216ed9517e467~tplv-resize:0:0.png,10318
利吉尔,https://p3-dcd.byteimg.com/img/tos-cn-i-dcdx/d44148e6b40546ac9c59b18fa94fe715~tplv-resize:0:0.png,10338
罗孚,https://p1-dcd.byteimg.com/img/motor-mis-img/608a1e4a4224ab5cea519173fbecebbe~tplv-resize:100:100.image,352
凌宝汽车,https://p3-dcd.byteimg.com/img/tos-cn-i-dcdx/0088529209d1435ca13cf8658118ccbf~tplv-resize:0:0.png,384
蓝旗亚,https://p1-dcd.byteimg.com/img/motor-mis-img/d835c1dade085fc7f49f88f33d91a9ca~tplv-resize:100:100.image,277
力帆汽车,https://p1-dcd.byteimg.com/img/motor-mis-img/2ea65574e3bead5047ae79dc513a723e~tplv-resize:100:100.image,101
LUMMA,https://p1-dcd.byteimg.com/img/motor-mis-img/31698632bc400ffdce7ad9b8a3f8f47c~tplv-resize:100:100.image,412
拉达,https://p1-dcd.byteimg.com/img/motor-mis-img/2018e29d922e8f8eb7f0486a930676ca~tplv-resize:100:100.image,192
莲花汽车,https://p1-dcd.byteimg.com/img/motor-mis-img/c278092f86b7f3a21988e02866b118b8~tplv-resize:100:100.image,43
LeSEE,https://p1-dcd.byteimg.com/img/motor-mis-img/bfee4af9b5eb03340cdc15891dee4f56~tplv-resize:100:100.image,298
绿驰,https://p1-dcd.byteimg.com/img/motor-mis-img/3669dd9f1396d6cfa7b47c1b9653b226~tplv-resize:100:100.image,212
雷诺三星,https://p1-dcd.byteimg.com/img/motor-mis-img/c73f8e65096893e0b9c5bd14c5cf42b4~tplv-resize:100:100.image,301
拉共达,https://p1-dcd.byteimg.com/img/motor-mis-img/dd9b84663589d168bd0710258918099b~tplv-resize:100:100.image,214
LOCAL MOTORS,https://p1-dcd.byteimg.com/img/motor-mis-img/8d00b966d8d962807824188eae244033~tplv-resize:100:100.image,144
领志,https://p1-dcd.byteimg.com/img/motor-mis-img/42e3322e83063327a572a9ede50e23f8~tplv-resize:100:100.image,309
朗世,https://p1-dcd.byteimg.com/img/motor-mis-img/e062210b574de31b4b1bc3b1cc1905aa~tplv-resize:100:100.image,310
Lucid,https://p3-dcd.byteimg.com/img/tos-cn-i-dcdx/e8833cfb82494017a6bdebf7d2202949~tplv-resize:0:0.png?psm=motor.car_page.go_api,325
Lordstown Motors,https://p1-dcd.byteimg.com/img/motor-mis-img/0544547f433896925c4a7924cbf0a9e9~tplv-resize:100:100.image,371
LIMGENE凌际,https://p1-dcd.byteimg.com/img/motor-mis-img/6ade821a598e74cc57da3c8ce85ee7a3~tplv-resize:100:100.image,508
LIUX,https://p1-dcd.byteimg.com/img/motor-mis-img/aba92636ed9f903d78fb798a65d00ad9~tplv-resize:100:100.image,548
珑致汽车,https://p3-dcd.byteimg.com/img/tos-cn-i-dcdx/a5d00009515c40ef863e2d711a2b5cc7~tplv-resize:0:0.png,911
礼骊汽车,https://p9-dcd.byteimg.com/img/tos-cn-i-dcdx/445451b2140242ddb54d3782f198785d~tplv-resize:0:0.png?psm=motor.car_page.go_api,10424
览众房车,https://p3-dcd.byteimg.com/img/tos-cn-i-dcdx/7648db2e67634f3eb290865ed1e0d740~tplv-resize:0:0.png,10294
旅美房车,https://p3-dcd.byteimg.com/img/tos-cn-i-dcdx/2cadc6d212f14c1db8f8392e4b5abecb~tplv-resize:0:0.png,10345
隆翠房车,https://p3-dcd.byteimg.com/img/tos-cn-i-dcdx/7ab72052077e4a38aa00a9328fb785eb~tplv-resize:0:0.png,10301
马自达,https://p3-dcd.byteimg.com/img/tos-cn-i-dcdx/c3da023df833436b831e57ca541859d9~tplv-resize:0:0.png?psm=motor.car_page.go_api,15
名爵,https://p1-dcd.byteimg.com/img/motor-mis-img/9556900e24b43302eec0d91b4545426f~tplv-resize:100:100.image,34
玛莎拉蒂,https://p9-dcd.byteimg.com/img/tos-cn-i-dcdx/ad3fe8a317d543a68cb8ab1c5925d283~tplv-resize:0:0.png,45
MINI,https://p1-dcd.byteimg.com/img/motor-mis-img/28df10b415f192d7045cf645fea11f30~tplv-resize:100:100.image,65
猛士,https://p1-dcd.byteimg.com/img/motor-mis-img/80569b9c40d60aedc2860a4ba3f09afd~tplv-resize:100:100.image,527
迈凯伦,https://p1-dcd.byteimg.com/img/motor-mis-img/f60054392213a036e2df0a462676f86a~tplv-resize:100:100.image,86
迈迈,https://p1-dcd.byteimg.com/img/motor-mis-img/58da571e60daf824166e0e3d414a6056~tplv-resize:100:100.image,349
迈莎锐,https://p1-dcd.byteimg.com/img/motor-mis-img/f2577064dfd0bcdb60838c838133be6e~tplv-resize:100:100.image,272
摩根,https://p1-dcd.byteimg.com/img/motor-mis-img/213c0b9139d32f0f98b5f31c4acd7e58~tplv-resize:100:100.image,147
敏安汽车,https://p1-dcd.byteimg.com/img/motor-mis-img/3ae7ce7f2473a96a8a3178590045a210~tplv-resize:100:100.image,356
Mazzanti,https://p1-dcd.byteimg.com/img/motor-mis-img/3106291595f7e9f1f25ac50938eb0b58~tplv-resize:100:100.image,296
Mole,https://p1-dcd.byteimg.com/img/motor-mis-img/7266650f441a5c9516b3b81930623f80~tplv-resize:100:100.image,261
摩登汽车,https://p1-dcd.byteimg.com/img/motor-mis-img/1bfbbe3875a568792169df6f72021a9e~tplv-resize:100:100.image,414
MELKUS,https://p1-dcd.byteimg.com/img/motor-mis-img/daf66cf39f99a65ddd5cc277504e27e7~tplv-resize:100:100.image,297
迈巴赫,https://p1-dcd.byteimg.com/img/motor-mis-img/806a10a76b777bb022b16486b31e055b~tplv-resize:100:100.image,25
MAGNA,https://p1-dcd.byteimg.com/img/motor-mis-img/c599b54b3d7c43aadf65edc54aaa6e94~tplv-resize:100:100.image,327
Mahindra,https://p1-dcd.byteimg.com/img/motor-mis-img/6970896fefc4b2cdccbae71f45f5b755~tplv-resize:100:100.image,351
Manhart,https://p1-dcd.byteimg.com/img/motor-mis-img/e73599adff3b2afa2b06aef9253137f6~tplv-resize:100:100.image,443
Mobilize,https://p1-dcd.byteimg.com/img/motor-mis-img/8fc61773305956384a9f4c6d6f1128a2~tplv-resize:100:100.image,455
Moke,https://p1-dcd.byteimg.com/img/motor-mis-img/e02ef640f5ac3d8d4b4da1d55f67fd85~tplv-resize:100:100.image,487
迈越,https://p1-dcd.byteimg.com/img/motor-mis-img/fb354ff41d5ee9ced5346b95c094b433~tplv-resize:100:100.image,544
Micro,https://p3-dcd.byteimg.com/img/tos-cn-i-dcdx/9072d939f10749c4817f9758b24e92e3~tplv-resize:0:0.png,915
Maxwell,https://p3-dcd.byteimg.com/img/tos-cn-i-dcdx/2d5a62d2eecd46d29ba4adf5fa0aa6a9~tplv-resize:0:0.png,10320
Minerva,https://p9-dcd.byteimg.com/img/tos-cn-i-dcdx/2c53fc7a82f641f688123cd11965ed64~tplv-resize:0:0.png,10324
MILITEM,https://p1-dcd.byteimg.com/img/motor-mis-img/45346c088bcab9061cf0d8b50ebac86f~tplv-resize:100:100.image,464
Meyers Manx,https://p1-dcd.byteimg.com/img/motor-mis-img/b8cfa9b6100dcb7175845ff1077cd979~tplv-resize:100:100.image,529
Munro,https://p3-dcd.byteimg.com/img/tos-cn-i-dcdx/2402824eb600406ab2d3709c810d8364~tplv-resize:0:0.png,556
Mullen,https://p3-dcd.byteimg.com/img/tos-cn-i-dcdx/1d68e1ff6c4741278047877aa8974a2f~tplv-resize:0:0.png,921
哪吒汽车,https://p1-dcd.byteimg.com/img/motor-mis-img/1f5e4e807a24a6355201bea736d3baf7~tplv-resize:100:100.image,199
纳智捷,https://p1-dcd.byteimg.com/img/motor-mis-img/6c551e2b14215ddfbc55dcef1b474068~tplv-resize:100:100.image,87
NEVS国能汽车,https://p1-dcd.byteimg.com/img/motor-mis-img/04652c3df5b1e2011ab4f3584f796831~tplv-resize:100:100.image,200
Noble,https://p1-dcd.byteimg.com/img/motor-mis-img/a47e54ac5c47da967c422adfaf799a27~tplv-resize:100:100.image,276
nanoFLOWCELL,https://p1-dcd.byteimg.com/img/motor-mis-img/734de1ec5c05ec8fd408241c9b6afbbc~tplv-resize:100:100.image,299
Neuron EV,https://p1-dcd.byteimg.com/img/motor-mis-img/eed1f04995cc3650208a845fdac18617~tplv-resize:100:100.image,363
Nikola,https://p1-dcd.byteimg.com/img/motor-mis-img/61a083d8e9673a74e541f1919fdbffe0~tplv-resize:100:100.image,378
NamX,https://p1-dcd.byteimg.com/img/motor-mis-img/0bf9b6ba708d73f297c6a26847e28a14~tplv-resize:100:100.image,537
Napier,https://p9-dcd.byteimg.com/img/tos-cn-i-dcdx/b45cecb39fc041809ef88fd0956946af~tplv-resize:0:0.png,10323
Novitec,https://p1-dcd.byteimg.com/img/motor-mis-img/bc261bc4eaad10736a97e64df927f595~tplv-resize:100:100.image,424
NEXT LEVEL,https://p1-dcd.byteimg.com/img/motor-mis-img/8fd8ccd4f57f81c2a9699d63efdbf214~tplv-resize:100:100.image,432
Nilu,https://p3-dcd.byteimg.com/img/tos-cn-i-dcdx/79b86dec8e914939bbf5fb6bc3b5c0b1~tplv-resize:0:0.png?psm=motor.car_page.go_api,10364
欧拉,https://p1-dcd.byteimg.com/img/motor-mis-img/28d3b85cbc8e1bb2c0e643931ec1baf3~tplv-resize:100:100.image,238
讴歌,https://p1-dcd.byteimg.com/img/motor-mis-img/2bffe76703d4803c296e634eb8641fd6~tplv-resize:100:100.image,38
欧朗,https://p1-dcd.byteimg.com/img/motor-mis-img/843f4cfcd3dfaf379c8b9f9b34ae87f6~tplv-resize:100:100.image,110
欧宝,https://p1-dcd.byteimg.com/img/motor-mis-img/9c41a1c51110639bd2f50f5559bd60cc~tplv-resize:100:100.image,75
欧联,https://p1-dcd.byteimg.com/img/motor-mis-img/592f7bbf8295c9ecb3b73b2800ff27eb~tplv-resize:100:100.image,357
朋克汽车,https://p1-dcd.byteimg.com/img/motor-mis-img/9913287605a9a4e7a18fed29544ba853~tplv-resize:100:100.image,420
帕加尼,https://p1-dcd.byteimg.com/img/motor-mis-img/cebb2fd51d5bbe8379fdfcc8b2f47f08~tplv-resize:100:100.image,88
佩奇奥,https://p1-dcd.byteimg.com/img/motor-mis-img/9c685e8c519b38a48538ea70f19591ab~tplv-resize:100:100.image,280
Puritalia,https://p1-dcd.byteimg.com/img/motor-mis-img/e546338daf529d7f020ea64f13c080ac~tplv-resize:100:100.image,329
Piëch,https://p1-dcd.byteimg.com/img/motor-mis-img/df331d3bda16860d23086a86876e65c8~tplv-resize:100:100.image,262
Pogea Racing,https://p1-dcd.byteimg.com/img/motor-mis-img/85d34cda2796a59ebec7db43f3fff94d~tplv-resize:100:100.image,442
庞蒂亚克,https://p1-dcd.byteimg.com/img/motor-mis-img/3c5a94ab2c29d7fc21ae98e8ef5ba422~tplv-resize:100:100.image,502
Packard,https://p3-dcd.byteimg.com/img/tos-cn-i-dcdx/a3ff61e249b344339d93eb7608d37ff8~tplv-resize:0:0.png,10328
普曼·巅峰,https://p3-dcd.byteimg.com/img/tos-cn-i-dcdx/2c0d6cb55a654df389dbc48f4273eee7~tplv-resize:0:0.png?psm=motor.car_page.go_api,10430
Posaidon,https://p1-dcd.byteimg.com/img/motor-mis-img/662ec0961433fbc0b1ae865b89c37bfe~tplv-resize:100:100.image,448
Praga,https://p1-dcd.byteimg.com/img/tos-cn-i-dcdx/1e6242ece4a1400fa904a90adaa3db57~tplv-resize:0:0.png,557
奇瑞,https://p9-dcd.byteimg.com/img/tos-cn-i-dcdx/2baeca4441cc44f592d4953c98321fc4~tplv-resize:0:0.png,18
奇瑞风云,https://p3-dcd.byteimg.com/img/tos-cn-i-dcdx/f894574669da43c1aab1339f76bdd6be~tplv-resize:0:0.png?psm=motor.car_page.go_api,10409
奇瑞新能源,https://p9-dcd.byteimg.com/img/tos-cn-i-dcdx/597f4a56ea1b4cf48e3cd06704e0a361~tplv-resize:0:0.png,461
奇瑞QQ,https://p3-dcd.byteimg.com/img/tos-cn-i-dcdx/0824182cee534af4be50454b70c519b2~tplv-resize:0:0.png?psm=motor.car_page.go_api,10444
启境,https://p9-dcd.byteimg.com/img/tos-cn-i-dcdx/7b1b67305a1c465982206584d02f7ae7~tplv-resize:0:0.png?psm=motor.car_page.go_api,10434
起亚,https://p1-dcd.byteimg.com/img/motor-mis-img/9997244f9934fdebe915cde58bb2ddf2~tplv-resize:100:100.image,13
启辰,https://p3-dcd.byteimg.com/img/tos-cn-i-dcdx/ca2bbd6d0ebe4a43a21396a8678512e4~tplv-resize:0:0.png,109
前途,https://p1-dcd.byteimg.com/img/motor-mis-img/d5d5186ea069491fdafec59f6924919a~tplv-resize:100:100.image,149
全球鹰,https://p1-dcd.byteimg.com/img/motor-mis-img/faa734dba057380fc73e8d64baef64d8~tplv-resize:100:100.image,143
乔治·巴顿,https://p1-dcd.byteimg.com/img/motor-mis-img/b9f041b20948b5008bbb420482ec4b10~tplv-resize:100:100.image,236
骐铃汽车,https://p1-dcd.byteimg.com/img/motor-mis-img/19a4e95cdb5abf8fd7123903a6fd0811~tplv-resize:100:100.image,104
清源汽车,https://p1-dcd.byteimg.com/img/motor-mis-img/f00e6b43a11bbdc297c75e6073571fbc~tplv-resize:100:100.image,265
777 Motors,https://p1-dcd.byteimg.com/img/tos-cn-i-dcdx/aa6e412284504f84ba30ebe67775654e~tplv-resize:0:0.png,550
奇鲁汽车,https://p1-dcd.byteimg.com/img/motor-mis-img/0fe518b377b0b1fa4787039e54be5183~tplv-resize:100:100.image,435
骐蔚汽车,https://p3-dcd.byteimg.com/img/tos-cn-i-dcdx/ffc1c383825641bab45ace9eab5c0581~tplv-resize:0:0.png,"{""brand_id"": 10315"
七狼房车,https://p3-dcd.byteimg.com/img/tos-cn-i-dcdx/1cc099c2d1b74656b9f3f52257fd935c~tplv-resize:0:0.png,10296
齐星房车,https://p1-dcd.byteimg.com/img/motor-mis-img/8d194be87628acb434c8ef36f73d9c61~tplv-resize:100:0.png,10303
日产,https://p1-dcd.byteimg.com/img/motor-mis-img/5feee803f00613b3dfb9ec977192deb5~tplv-resize:100:100.image,10
荣威,https://p3-dcd.byteimg.com/img/tos-cn-i-dcdx/b578788235064cd4a2dec57364384c12~tplv-resize:0:0.png?psm=motor.car_page.go_api,36
睿蓝汽车,https://p1-dcd.byteimg.com/img/motor-mis-img/885955536a00de6300b53d2d3a111b27~tplv-resize:100:100.image,381
瑞驰,https://p1-dcd.byteimg.com/img/motor-mis-img/e51603b43d41c06c004f556a20020484~tplv-resize:100:100.image,198
容大智造,https://p1-dcd.byteimg.com/img/motor-mis-img/bb37dde431a010c4dd286e5be733db6e~tplv-resize:100:100.image,244
如虎,https://p1-dcd.byteimg.com/img/motor-mis-img/f05832ba9c754dfa15105f24a6bc5a5c~tplv-resize:100:100.image,150
瑞麒,https://p1-dcd.byteimg.com/img/motor-mis-img/a534ef246eda57d72089b8d4525e10ee~tplv-resize:100:100.image,151
RAM,https://p1-dcd.byteimg.com/img/motor-mis-img/446853f91eb893e2fa0214a2a99e9ad7~tplv-resize:100:100.image,453
Rezvani,https://p1-dcd.byteimg.com/img/motor-mis-img/acbdce3c6a50a2ac24d49e13b9c6e931~tplv-resize:100:100.image,292
Rimac,https://p1-dcd.byteimg.com/img/motor-mis-img/ae139443a4b2de3bcca1c837fd599263~tplv-resize:100:100.image,213
Rinspeed,https://p1-dcd.byteimg.com/img/motor-mis-img/103671f6b3fc10bbfa8d7b7f371c6565~tplv-resize:100:100.image,279
RIVIAN,https://p1-dcd.byteimg.com/img/motor-mis-img/76c282ab594668cf3022581f9b3e8c7b~tplv-resize:100:100.image,252
RENOVO,https://p1-dcd.byteimg.com/img/motor-mis-img/2d28505568baf1b932c5b93bfaf60dc5~tplv-resize:100:100.image,330
Radical,https://p1-dcd.byteimg.com/img/motor-mis-img/f6390d6846b9cbff47dfe9866905e006~tplv-resize:100:100.image,358
Radford,https://p1-dcd.byteimg.com/img/motor-mis-img/38823f1c34c5e4019ff2fa73f974996e~tplv-resize:100:100.image,524
REVO ZERO,https://p3-dcd.byteimg.com/img/tos-cn-i-dcdx/7713e68bfe104356adf4846b7ee01e28~tplv-resize:0:0.png,912
Red Bull,https://p9-dcd.byteimg.com/img/tos-cn-i-dcdx/e99a6dce63774bd68ea3fde1b8ea9775~tplv-resize:0:0.png,10291
瑞腾汽车,https://p3-dcd.byteimg.com/img/tos-cn-i-dcdx/57e01122abc54a11874016a053548ea3~tplv-resize:0:0.png,569
瑞弗,https://p9-dcd.byteimg.com/img/tos-cn-i-dcdx/21cc2185fa004fc584ff642c9b85d3ba~tplv-resize:0:0.png,10297
深蓝汽车,https://p1-dcd.byteimg.com/img/motor-mis-img/6fa07456e4ab57573ee49f17fe72941d~tplv-resize:100:100.image,515
斯柯达,https://p1-dcd.byteimg.com/img/motor-mis-img/3ec788e28d2647bec8fc7b6f0f551a69~tplv-resize:100:100.image,23
smart,https://p1-dcd.byteimg.com/img/motor-mis-img/8f2f638de644c38c7a228a72abe8e85d~tplv-resize:100:100.image,48
思皓,https://p1-dcd.byteimg.com/img/motor-mis-img/ea83a344e4b583aac8130b9d24dddc26~tplv-resize:100:100.image,235
尚界,https://p9-dcd.byteimg.com/img/tos-cn-i-dcdx/f06ac9b88fc94ecc99a35ef84ab76300~tplv-resize:0:0.png?psm=motor.car_page.go_api,10419
示界,https://p3-dcd.byteimg.com/img/tos-cn-i-dcdx/50497533e1824079a3d775f96423bcbe~tplv-resize:0:0.png?psm=motor.car_page.go_api,10410
斯巴鲁,https://p1-dcd.byteimg.com/img/motor-mis-img/b7f695f8d411ad395ebbf4f5bb003914~tplv-resize:100:100.image,33
SERES赛力斯,https://p1-dcd.byteimg.com/img/motor-mis-img/1f2019237dd6ac5657b18b75f66a3af2~tplv-resize:100:100.image,231
三菱,https://p1-dcd.byteimg.com/img/motor-mis-img/5eeeb462c08053fc573f81520635ea5d~tplv-resize:100:100.image,26
世极,https://p3-dcd.byteimg.com/img/tos-cn-i-dcdx/1c9c1ebdab0a43b2b79c0f440545b39f~tplv-resize:0:0.png,922
SWM斯威汽车,https://p1-dcd.byteimg.com/img/tos-cn-i-dcdx/c079e93086c44b2c811ec85e4e6be1a5~tplv-resize:0:0.png,157
沙龙汽车,https://p1-dcd.byteimg.com/img/motor-mis-img/6385e1ec28ddf0dfa5bfbea07bb2f0e3~tplv-resize:100:100.image,478
双龙,https://p1-dcd.byteimg.com/img/motor-mis-img/325f428f8c811b119fbbcb82470ab21b~tplv-resize:100:100.image,163
思铭,https://p1-dcd.byteimg.com/img/motor-mis-img/2c676cc0d7baa68202fcbbc2950c27be~tplv-resize:100:100.image,105
速达,https://p1-dcd.byteimg.com/img/motor-mis-img/d427df451b0a08e8a6f4bee709d1e7f2~tplv-resize:100:100.image,390
陕汽通家,https://p1-dcd.byteimg.com/img/motor-mis-img/d6604d6b6c4600ffe0ecd73f7edc4dee~tplv-resize:100:100.image,153
上喆,https://p3-dcd.byteimg.com/img/tos-cn-i-dcdx/a282fc984dc1467390f210b93befa4b2~tplv-resize:0:0.png,365
世爵,https://p1-dcd.byteimg.com/img/motor-mis-img/e3b152491516085e0a60cd1811b163e4~tplv-resize:100:100.image,154
斯达泰克,https://p1-dcd.byteimg.com/img/motor-mis-img/07ed680c596c7f116caf2e14086e7358~tplv-resize:100:100.image,156
神州,https://p1-dcd.byteimg.com/img/motor-mis-img/ddbe133bf8fda1740fc662f1a7830e7e~tplv-resize:100:100.image,396
赛麟,https://p1-dcd.byteimg.com/img/motor-mis-img/497f295f7475db8e1d0abf99bace13fb~tplv-resize:100:100.image,152
双环,https://p1-dcd.byteimg.com/img/motor-mis-img/14f0e6617c09fa28a8dc80233c1ab78d~tplv-resize:100:100.image,155
萨博,https://p1-dcd.byteimg.com/img/motor-mis-img/cb1aca4fc9bb2bbcbd62085eb8542605~tplv-resize:100:100.image,103
上汽集团,https://p1-dcd.byteimg.com/img/motor-mis-img/725f1e29ff338e72a35ffa9361ea33e1~tplv-resize:100:100.image,463
申龙客车,https://p1-dcd.byteimg.com/img/motor-mis-img/bcb8871b956dfe58b52f0eeffd7c0c2d~tplv-resize:100:100.image,454
水星,https://p3-dcd.byteimg.com/img/tos-cn-i-dcdx/4512db636d29410b90f90c87a8dc0a14~tplv-resize:0:0.png,925
Scion,https://p1-dcd.byteimg.com/img/motor-mis-img/52d7bf62dc7a29e8909d2b183c9041a4~tplv-resize:100:100.image,275
SONY,https://p1-dcd.byteimg.com/img/motor-mis-img/f05f661942a8de8f19e2443d5a94093c~tplv-resize:100:100.image,370
Sono Motors,https://p1-dcd.byteimg.com/img/motor-mis-img/e438d9783e57829dabd218f18650c25d~tplv-resize:100:100.image,338
首望,https://p1-dcd.byteimg.com/img/motor-mis-img/cdfaa77795e1bdc3d0c84009c4285064~tplv-resize:100:100.image,340
Share2Drive,https://p1-dcd.byteimg.com/img/motor-mis-img/e55fdf29937f61a6b2f3b3dd6b6fdc7c~tplv-resize:100:100.image,359
松散机车,https://p1-dcd.byteimg.com/img/motor-mis-img/d1a2f81d57507c68b16d05d2e3d9a831~tplv-resize:100:100.image,408
盛唐,https://p1-dcd.byteimg.com/img/tos-cn-i-dcdx/d6edf4bd6df64e408a4ab53492bd52a5~tplv-resize:0:0.png,558
3D Design,https://p3-dcd.byteimg.com/img/tos-cn-i-dcdx/0dcbcdddcab34138961c7bfe9fd19c3e~tplv-resize:0:0.png,907
Silence,https://p9-dcd.byteimg.com/img/tos-cn-i-dcdx/594696a58fd543e5afcf34dab83b0d87~tplv-resize:0:0.png,916
Schacht,https://p3-dcd.byteimg.com/img/tos-cn-i-dcdx/689de0ea868f40f58a1494f170d7e5fd~tplv-resize:0:0.png,10321
Saxon,https://p3-dcd.byteimg.com/img/tos-cn-i-dcdx/ecb39f7e86674d53b2aed4180fb6b42e~tplv-resize:0:0.png,10325
Swift,https://p3-dcd.byteimg.com/img/tos-cn-i-dcdx/2b3dc29e936941a7b74797bdfe07fc52~tplv-resize:0:0.png,10326
Scout,https://p3-dcd.byteimg.com/img/tos-cn-i-dcdx/cf290ed86a234f048549a269730fa509~tplv-resize:0:0.png,10332
Santana,https://p9-dcd.byteimg.com/img/tos-cn-i-dcdx/5faa4d00a67b4e6daf1a71fe61700ca5~tplv-resize:0:0.png?psm=motor.car_page.go_api,10440
斯太尔,https://p1-dcd.byteimg.com/img/motor-mis-img/cc8f37330e33a8aa537d81572636fa0b~tplv-resize:100:100.image,333
SIN CARS,https://p9-dcd.byteimg.com/img/tos-cn-i-dcdx/a27e7c2dcddb49bc9f196739b0022274~tplv-resize:0:0.png,360
SPIRRA,https://p1-dcd.byteimg.com/img/motor-mis-img/6ea9edabe8979aa510c5cb0de70d9b02~tplv-resize:100:100.image,331
Spofec,https://p1-dcd.byteimg.com/img/motor-mis-img/6451abbca8223f8fff85189d18f201b5~tplv-resize:100:100.image,434
上海,https://p1-dcd.byteimg.com/img/motor-mis-img/06b5d0d961075f06dae3b60e82e3a7fd~tplv-resize:100:100.image,311
STI,https://p1-dcd.byteimg.com/img/motor-mis-img/7065e32115eab85d58e13565d2c512c5~tplv-resize:100:100.image,491
Spyros Panopoulos,https://p1-dcd.byteimg.com/img/motor-mis-img/93f7b9ab46be6318923da483aae3a6e9~tplv-resize:100:100.image,473
赛德房车,https://p3-dcd.byteimg.com/img/tos-cn-i-dcdx/282ab2f5fcfa42efb207e1cd4ecef6f9~tplv-resize:0:0.png,10308
尚旅房车,https://p9-dcd.byteimg.com/img/tos-cn-i-dcdx/d63d184d23054a9f9e5d5ee7e281548b~tplv-resize:0:0.png,10316
赛家房车,https://p3-dcd.byteimg.com/img/motor-mis-img/lpa-2f0df1aeba3816e3dcf365d57f9b71b1~tplv-resize:0:0.image,10360
特斯拉,https://p1-dcd.byteimg.com/img/motor-mis-img/222f2748c0d6e9c69c00a304f2ac8da1~tplv-resize:100:100.image,63
坦克,https://p1-dcd.byteimg.com/img/motor-mis-img/17fca7e0dec078194be0cf6248c79706~tplv-resize:100:100.image,425
天际汽车,https://p1-dcd.byteimg.com/img/motor-mis-img/b66372f95693eca019c33ec19f21a383~tplv-resize:100:100.image,250
腾势,https://p3-dcd.byteimg.com/img/tos-cn-i-dcdx/8fd7ef0920364b3ead617d19ca49472c~tplv-resize:0:0.png?psm=motor.car_page.go_api,159
泰卡特,https://p1-dcd.byteimg.com/img/motor-mis-img/1ab6499d4f1ac545f1b1537e8088eee7~tplv-resize:100:100.image,158
塔塔,https://p1-dcd.byteimg.com/img/motor-mis-img/f074a86516d081064a2b4bac895216bd~tplv-resize:100:100.image,216
泰克鲁斯·腾风,https://p1-dcd.byteimg.com/img/motor-mis-img/fe60e387bcf923db0c73a8880bdc8a00~tplv-resize:100:100.image,221
TVR,https://p1-dcd.byteimg.com/img/motor-mis-img/804659bcc8870a9f96eeb0f9f0fc9dc8~tplv-resize:100:100.image,285
Tramontana,https://p1-dcd.byteimg.com/img/motor-mis-img/de66a1199a338207cbbef91b0b3eaa36~tplv-resize:100:100.image,305
TOGG,https://p1-dcd.byteimg.com/img/motor-mis-img/a9444fa3a34a308e6bd9c166bab132b6~tplv-resize:100:100.image,369
TOROIDION,https://p1-dcd.byteimg.com/img/motor-mis-img/aa72ce4ba6781e4369ad122395309007~tplv-resize:100:100.image,361
Troller,https://p1-dcd.byteimg.com/img/motor-mis-img/f6f00b01175ca5ea7c70ba5c989e64de~tplv-resize:100:100.image,375
Triton,https://p1-dcd.byteimg.com/img/motor-mis-img/9046d63ceebaa564640fbb75c4df1d7b~tplv-resize:100:100.image,389
TopCar,https://p1-dcd.byteimg.com/img/motor-mis-img/10e6188eff0ed110b5373738cc807327~tplv-resize:100:100.image,450
Theon Design,https://p3-dcd.byteimg.com/img/tos-cn-i-dcdx/2e8fc90c734f4d109593bdb8139e17c3~tplv-resize:0:0.png,887
THK,https://p3-dcd.byteimg.com/img/tos-cn-i-dcdx/8ddf06529a5b4462aef38a598b67cd08~tplv-resize:0:0.png,917
Touring Superleggera,https://p1-dcd.byteimg.com/img/motor-mis-img/65216eb0f29218243f49208010f6ccd8~tplv-resize:100:100.image,406
拓锐斯特,https://p1-dcd.byteimg.com/img/motor-mis-img/da7d4acbb3a6638237d31c4f437a7dcf~tplv-resize:100:100.image,518
途酷房车,https://p3-dcd.byteimg.com/img/motor-mis-img/lpa-73030fe7866235bb4314fb31ef18e101~tplv-resize:0:0.image,10348
Ultima,https://p1-dcd.byteimg.com/img/motor-mis-img/0844359269bd043dd9a0b63bf9e000d1~tplv-resize:100:100.image,339
Uniti,https://p1-dcd.byteimg.com/img/motor-mis-img/e5840383b8e02cf8c500f42f354aaf9e~tplv-resize:100:100.image,348
Venturi,https://p1-dcd.byteimg.com/img/motor-mis-img/f8bbfecd904c51cf16d8c3706488e8f6~tplv-resize:100:100.image,289
Vinfast,https://p1-dcd.byteimg.com/img/motor-mis-img/160bf07adf34d2fa1d665223395e0444~tplv-resize:100:100.image,300
VLF Automotive,https://p1-dcd.byteimg.com/img/motor-mis-img/6a13e8ab2fc90cb9f1f65a41b5a416bf~tplv-resize:100:100.image,288
VANTAS,https://p1-dcd.byteimg.com/img/motor-mis-img/bb5533abc4559fd7ce9768c0c58e6261~tplv-resize:100:100.image,374
Vanda Electric,https://p1-dcd.byteimg.com/img/motor-mis-img/4550695f081ccff630a298cce56d63a4~tplv-resize:100:100.image,362
Vega Innovations,https://p1-dcd.byteimg.com/img/motor-mis-img/e2b6966ea27e00bda107ac06d9d5ecdc~tplv-resize:100:100.image,379
Vanwall,https://p9-dcd.byteimg.com/img/tos-cn-i-dcdx/01ecab2df03f462d9f83c31175bfe466~tplv-resize:0:0.png,570
VIRITECH,https://p1-dcd.byteimg.com/img/motor-mis-img/6c5e660f8cf199bc1ba4f1a772c0d47d~tplv-resize:100:100.image,436
Vanderhal,https://p3-dcd.byteimg.com/img/tos-cn-i-dcdx/caae47eac1a649b4b02f28a570bf5698~tplv-resize:0:0.png?psm=motor.car_page.go_api,10406
威尔特芬,https://p1-dcd.byteimg.com/img/motor-mis-img/460aa1ddd4cadc7d3cee83ff7f102b35~tplv-resize:100:0.png,10298
五菱汽车,https://p3-dcd.byteimg.com/img/tos-cn-i-dcdx/f15a9d56604247ffb3183b1781d0cfb5~tplv-resize:0:0.png,39
沃尔沃,https://p1-dcd.byteimg.com/img/motor-mis-img/c06fae433bcc4a55d7ef3b519704781c~tplv-resize:100:100.image,24
蔚来,https://p1-dcd.byteimg.com/img/motor-mis-img/f178e29e06e5491eb09096415259e95e~tplv-resize:100:100.image,112
魏牌,https://p1-dcd.byteimg.com/img/motor-mis-img/8cbb2f506df822a62398c09b104889cf~tplv-resize:100:100.image,66
威马汽车,https://p1-dcd.byteimg.com/img/motor-mis-img/f303361d6bd2a90a2bb76addfdbd653b~tplv-resize:100:100.image,185
五十铃,https://p1-dcd.byteimg.com/img/motor-mis-img/6fd2573aaba1def60961d2856148050e~tplv-resize:100:100.image,106
威麟,https://p9-dcd.byteimg.com/img/tos-cn-i-dcdx/05819ae46b2d4d28a6af28d805ffd2bc~tplv-resize:0:0.png?psm=motor.car_page.go_api,160
WALD,https://p1-dcd.byteimg.com/img/motor-mis-img/4e56dc2ae119b0a8c51595b065c05ded~tplv-resize:100:100.image,416
伟昊汽车,https://p1-dcd.byteimg.com/img/motor-mis-img/5a5ac7f3dd996fbb8a695cd00b01bd93~tplv-resize:100:100.image,480
威兹曼,https://p1-dcd.byteimg.com/img/motor-mis-img/e745100a66ae90006362bbeb64bfefec~tplv-resize:100:100.image,161
沃克斯豪尔,https://p1-dcd.byteimg.com/img/motor-mis-img/a270071f55e19822807a262b5f637f95~tplv-resize:100:100.image,274
W Motors,https://p1-dcd.byteimg.com/img/motor-mis-img/2c7b4f811ac87c0c5a2550adad04180f~tplv-resize:100:100.image,222
瓦滋,https://p1-dcd.byteimg.com/img/motor-mis-img/d89faa3891c86d27b4d5eba600958c62~tplv-resize:100:100.image,377
未奥汽车,https://p1-dcd.byteimg.com/img/tos-cn-i-dcdx/3c5ea6872449465d865c47e536877c48~tplv-resize:0:0.png,855
WayRay,https://p1-dcd.byteimg.com/img/motor-mis-img/5db91281cede152af35fd6f8843b25eb~tplv-resize:100:100.image,481
沃森威尔,https://p3-dcd.byteimg.com/img/tos-cn-i-dcdx/b96ab0a404f745fd92c34b0b3ba2d60a~tplv-resize:0:0.png?psm=motor.car_page.go_api,10439
万象汽车,https://p1-dcd.byteimg.com/img/motor-mis-img/57fe398c5325a7fb0f60688ecebd854a~tplv-resize:100:100.image,528
小米汽车,https://p9-dcd.byteimg.com/img/tos-cn-i-dcdx/a2994c3b381f4abfba82e8ee7a372b38~tplv-resize:0:0.png,535
小鹏汽车,https://p1-dcd.byteimg.com/img/motor-mis-img/45643feed53220ec5159662049ecb330~tplv-resize:100:100.image,195
雪佛兰,https://p1-dcd.byteimg.com/img/motor-mis-img/ae65202f5d1e39a2052acdf18afa5d14~tplv-resize:100:100.image,6
现代,https://p1-dcd.byteimg.com/img/motor-mis-img/6af469ddb92b4c24628c5884ab323f21~tplv-resize:100:100.image,11
雪铁龙,https://p3-dcd.byteimg.com/img/tos-cn-i-dcdx/22ec2bec34d240bcad6f54d54ece1f1c~tplv-resize:0:0.png,21
星途,https://p1-dcd.byteimg.com/img/motor-mis-img/b3d269e21417088de066801a92fe8409~tplv-resize:100:100.image,251
享界,https://p3-dcd.byteimg.com/img/tos-cn-i-dcdx/a52c0c58aee045e8802d5aa5bb835237~tplv-resize:0:0.png?psm=motor.car_page.go_api,931
新凯,https://p1-dcd.byteimg.com/img/motor-mis-img/c4625867982b07e1a505bbe10f22662b~tplv-resize:100:100.image,164
星驰,https://p1-dcd.byteimg.com/img/motor-mis-img/534a66385fc3134620edaacb7f58cee6~tplv-resize:100:100.image,"{""brand_id"": 344"
晓澳汽车,https://p9-dcd.byteimg.com/img/tos-cn-i-dcdx/bbd20a4bd2d740258deb79f5870941b6~tplv-resize:0:0.png?psm=motor.car_page.go_api,410
新龙马汽车,https://p1-dcd.byteimg.com/img/motor-mis-img/1334f74e38b0e467ab524521d559e088~tplv-resize:100:100.image,123
鑫源汽车,https://p9-dcd.byteimg.com/img/tos-cn-i-dcdx/b97aba8d4d244435b8a65cb30898108e~tplv-resize:0:0.png?psm=motor.car_page.go_api,193
新特汽车,https://p1-dcd.byteimg.com/img/motor-mis-img/ae4af0507d8240d19d50b49c783f4d50~tplv-resize:100:100.image,234
谢尔比,https://p1-dcd.byteimg.com/img/motor-mis-img/bb9a42d41af7be5a969d14eef27013b7~tplv-resize:100:100.image,306
西雅特,https://p1-dcd.byteimg.com/img/motor-mis-img/cb8274929f5038b2285599d5e91b09c5~tplv-resize:100:100.image,89
西尔贝,https://p1-dcd.byteimg.com/img/motor-mis-img/4035a82aecebe5e1dbfacb879f14e64c~tplv-resize:100:100.image,245
小虎,https://p1-dcd.byteimg.com/img/motor-mis-img/db0b39d4de932038394392b10893b6b7~tplv-resize:100:100.image,429
星海狮,https://p9-dcd.byteimg.com/img/tos-cn-i-dcdx/4db66d1704f24d77b2a24724eb6f7294~tplv-resize:0:0.png,10304
新吉奥汽车,https://p9-dcd.byteimg.com/img/tos-cn-i-dcdx/20754241a3f94c199f724dee2e971534~tplv-resize:0:0.png,477
小跑车,https://p1-dcd.byteimg.com/img/motor-mis-img/89929e00f3cf63ac813dac9b476ca015~tplv-resize:100:100.image,534
XEV,https://p3-dcd.byteimg.com/img/tos-cn-i-dcdx/a2b5ee36c2ff4be48845314689fe3176~tplv-resize:0:0.png,543
夏普,https://p3-dcd.byteimg.com/img/tos-cn-i-dcdx/04e4f9917cb7456e8426579f64586a5a~tplv-resize:0:0.png?psm=motor.car_page.go_api,10437
新星房车,https://p3-dcd.byteimg.com/img/tos-cn-i-dcdx/5083e0d1f90e458daeaddae25a6729b6~tplv-resize:0:0.png,10295
星军房车,https://p9-dcd.byteimg.com/img/motor-mis-img/lpa-4856960f00b742b5ba60bacdb0231946~tplv-resize:0:0.image,10342
仰望,https://p1-dcd.byteimg.com/img/tos-cn-i-dcdx/6e4a8cc4cdc842b6b2b94d24f18a4c8c~tplv-resize:0:0.png,546
一汽,https://p1-dcd.byteimg.com/img/motor-mis-img/55fe313b27dbd598e4afc7da5ae88c49~tplv-resize:100:100.image,67
firefly萤火虫,https://p9-dcd.byteimg.com/img/tos-cn-i-dcdx/943c305bb3b0494d878b6384d12e0939~tplv-resize:0:0.png?psm=motor.car_page.go_api,10363
英菲尼迪,https://p3-dcd.byteimg.com/img/tos-cn-i-dcdx/2458a930c2c04a9c9f6bf6897840c491~tplv-resize:0:0.png,29
奕境,https://p9-dcd.byteimg.com/img/tos-cn-i-dcdx/8da13af565f94153918640f1df1ee0a2~tplv-resize:0:0.png?psm=motor.car_page.go_api,10448
烨,https://p3-dcd.byteimg.com/img/tos-cn-i-dcdx/e38f22ec388a493bba2bd9db99136dec~tplv-resize:0:0.png,938
英力士,https://p3-dcd.byteimg.com/img/tos-cn-i-dcdx/f9b255a8ba8148fe84276965cc0252f5~tplv-resize:0:0.png?psm=motor.car_page.go_api,393
野马汽车,https://p1-dcd.byteimg.com/img/motor-mis-img/a031226e7910a4d8f071c6b62931a9a7~tplv-resize:100:100.image,107
云度,https://p1-dcd.byteimg.com/img/motor-mis-img/0ee30ccec90e48f8ac21844731169a7f~tplv-resize:100:100.image,188
依维柯,https://p1-dcd.byteimg.com/img/motor-mis-img/a36597f34bfe9604f5b440129386e01c~tplv-resize:100:100.image,90
驭胜,https://p1-dcd.byteimg.com/img/motor-mis-img/80675e64632b28d726b2bc7cfe8f5b02~tplv-resize:100:100.image,167
宇通,https://p1-dcd.byteimg.com/img/motor-mis-img/9e81b12ee49126d059206b550b10678f~tplv-resize:100:0.png,172
远程汽车,https://p1-dcd.byteimg.com/img/motor-mis-img/1aaa5756c1c66aca906a4244f1e48e0e~tplv-resize:100:100.image,308
御捷,https://p1-dcd.byteimg.com/img/motor-mis-img/57f15589f35ea5b4302e7ac9056c7471~tplv-resize:100:100.image,173
英致汽车,https://p1-dcd.byteimg.com/img/motor-mis-img/f888ebc54fbacc8a232dfa42e1cec12b~tplv-resize:100:100.image,394
永源,https://p1-dcd.byteimg.com/img/motor-mis-img/dc3a483498c2c9f2038094149769c6c9~tplv-resize:100:100.image,166
裕路,https://p1-dcd.byteimg.com/img/motor-mis-img/912465c8b9e17ec989cb8cf402d4cd40~tplv-resize:100:100.image,194
云雀汽车,https://p1-dcd.byteimg.com/img/motor-mis-img/bb7468898817ad384fab428fcd44b5de~tplv-resize:100:100.image,206
雅升汽车,https://p1-dcd.byteimg.com/img/motor-mis-img/e3fc0d751c3606bb8504f7319c4dd746~tplv-resize:100:100.image,439
银隆新能源,https://p1-dcd.byteimg.com/img/motor-mis-img/6bd8fb49f55aee173a5bdc715c6a672b~tplv-resize:100:100.image,302
远航汽车,https://p3-dcd.byteimg.com/img/tos-cn-i-dcdx/5af588c795ee4192a8dbdc28ab6b2b5d~tplv-resize:0:0.png,530
一汽凌河,https://p1-dcd.byteimg.com/img/motor-mis-img/d46ab7eac7e68c9f91d3462bc50cb31d~tplv-resize:100:100.image,367
英飒,https://p1-dcd.byteimg.com/img/motor-mis-img/4edb39fcf613344f6e5ab376029d6a70~tplv-resize:100:100.image,307
YAMAHA,https://p1-dcd.byteimg.com/img/motor-mis-img/2e2c66e88ea7544b3b79155649690a8a~tplv-resize:100:100.image,332
予风汽车,https://p9-dcd.byteimg.com/img/tos-cn-i-dcdx/0b6404ada8b846e6b87527679db31973~tplv-resize:0:0.png?psm=motor.car_page.go_api,10402
游侠,https://p1-dcd.byteimg.com/img/motor-mis-img/13bb70839349ff77962f808d24991118~tplv-resize:100:100.image,208
易电易行,https://p1-dcd.byteimg.com/img/motor-mis-img/6e89c5c8221063abd8d11b355f9bb1d4~tplv-resize:100:100.image,446
悠跑科技,https://p1-dcd.byteimg.com/img/motor-mis-img/79209f27bb82fd850f4f13b450240582~tplv-resize:100:100.image,490
悠宝利,https://p3-dcd.byteimg.com/img/tos-cn-i-dcdx/f39b213b75c94e70a57899b2ee41ebf3~tplv-resize:0:0.png,540
怡亚通,https://p3-dcd.byteimg.com/img/tos-cn-i-dcdx/8fb1e6e0154c488e85aef852cf386e42~tplv-resize:0:0.png,908
易游房车,https://p9-dcd.byteimg.com/img/tos-cn-i-dcdx/af472251400c4a459b3a6a82eb138b84~tplv-resize:0:0.png,10314
越界,https://p1-dcd.byteimg.com/img/motor-mis-img/bd5ca3f9e827f85b1c95f73ba4f6fba5~tplv-resize:100:100.image,536
亚特房车,https://p3-dcd.byteimg.com/img/motor-mis-img/lpa-f722c235ff290926da8d0f86e3ec71de~tplv-resize:0:0.image,10343
智己汽车,https://p3-dcd.byteimg.com/img/tos-cn-i-dcdx/797a3d3a8c5940b282b936994c39696b~tplv-resize:0:0.png?psm=motor.car_page.go_api,419
智界,https://p9-dcd.byteimg.com/img/tos-cn-i-dcdx/8bad52bb65cf46c2838bee71dd134763~tplv-resize:0:0.png?psm=motor.car_page.go_api,883
尊界,https://p3-dcd.byteimg.com/img/tos-cn-i-dcdx/fdedbdccec244b75903447143f4bd3c2~tplv-resize:0:0.png?psm=motor.car_page.go_api,10293
中兴,https://p1-dcd.byteimg.com/img/motor-mis-img/68a0ff1a38999c31f6339540c78ad8b7~tplv-resize:100:100.image,169
中华,https://p1-dcd.byteimg.com/img/motor-mis-img/f9502088eaedabe283b8c6c95fa70aad~tplv-resize:100:100.image,28
纵横,https://p3-dcd.byteimg.com/img/tos-cn-i-dcdx/73c06e36e02d4a3580f1755967dae231~tplv-resize:0:0.png?psm=motor.car_page.go_api,10429
中国重汽VGV,https://p3-dcd.byteimg.com/img/tos-cn-i-dcdx/19668cf62bc54accb97358b0ffe6310e~tplv-resize:0:0.png,162
知豆,https://p9-dcd.byteimg.com/img/tos-cn-i-dcdx/80768df6c47f4f6ebb3e8bb82c2867a1~tplv-resize:0:0.png,168
之诺,https://p1-dcd.byteimg.com/img/motor-mis-img/5f1cafd288ec6de9594030d191d13bff~tplv-resize:100:100.image,170
正道汽车,https://p1-dcd.byteimg.com/img/motor-mis-img/3369ba238f8be7f09226f8c9c42c6e85~tplv-resize:100:100.image,215
Zenvo,https://p1-dcd.byteimg.com/img/motor-mis-img/82c81a84697feb981ad32fcf3a946017~tplv-resize:100:100.image,218
众泰,https://p1-dcd.byteimg.com/img/motor-mis-img/91341852a255e55a7edc52bac044c183~tplv-resize:100:100.image,64
自游家,https://p1-dcd.byteimg.com/img/motor-mis-img/08620d0ed10e0ada4559ba6bb4b6be47~tplv-resize:100:100.image,485
智点汽车,https://p1-dcd.byteimg.com/img/motor-mis-img/7c1aa73e7485bb6e76c7ba21143312c7~tplv-resize:100:100.image,465
智行盒子,https://p1-dcd.byteimg.com/img/motor-mis-img/e9cb79e37a4f0e699394fba7f32ee64f~tplv-resize:100:100.image,484
智锐汽车,https://p9-dcd.byteimg.com/img/tos-cn-i-dcdx/951d3d8de42641eba170738bf9a18431~tplv-resize:0:0.png?psm=motor.car_page.go_api,510
中国重汽,https://p9-dcd.byteimg.com/img/tos-cn-i-dcdx/2c3372c11f804353a721f073fb7054e3~tplv-resize:0:0.png,856
中通客车,https://p9-dcd.byteimg.com/img/tos-cn-i-dcdx/3ac7f8e7b9d84cf8810ddb0a6cb2df10~tplv-resize:0:0.png?psm=motor.car_page.go_api,10427
追觅,https://p3-dcd.byteimg.com/img/tos-cn-i-dcdx/0282ecbb31c044978fbbd65bc571c52a~tplv-resize:0:0.png?psm=motor.car_page.go_api,10431
扎加托,https://p9-dcd.byteimg.com/img/tos-cn-i-dcdx/b3ecbf5815764348ac75aa6f57e16d9d~tplv-resize:0:0.png?psm=motor.car_page.go_api,10435
中植汽车,https://p1-dcd.byteimg.com/img/motor-mis-img/8f98e843d20d356e4af032896b52c478~tplv-resize:100:100.image,468
中房房车,https://p9-dcd.byteimg.com/img/tos-cn-i-dcdx/5e767d19c6ec4dffbaa22571f4c7358e~tplv-resize:0:0.png,10305
ZOOX,https://p9-dcd.byteimg.com/img/tos-cn-i-dcdx/299af8014c51420d821c93eed43cb526~tplv-resize:0:0.png?psm=motor.car_page.go_api,10405
奔驰,https://p3-dcd.byteimg.com/img/tos-cn-i-dcdx/d2956b62332f45e09f5538e8444a5454~tplv-resize:0:0.png?psm=motor.car_page.go_api,3
领汇,https://p3-dcd.byteimg.com/img/tos-cn-i-dcdx/f9f4c77ccffc498fb2150d4f9a95bc6f~tplv-resize:0:0.png?psm=motor.car_page.go_api,10443
宝马,https://p1-dcd.byteimg.com/img/motor-mis-img/4867710a834bd648ba55797ba5e37f14~tplv-resize:100:100.image,4
大众,https://p1-dcd.byteimg.com/img/motor-mis-img/343173efb2ab28cda1b0e5a5b49dab8e~tplv-resize:100:100.image,1
奥迪,https://p1-dcd.byteimg.com/img/motor-mis-img/62946ba030f3589e083d8d3e98a595eb~tplv-resize:100:100.image,2
本田,https://p1-dcd.byteimg.com/img/tos-cn-i-dcdx/ce848b3a359d48ee97a3ffbc79c99aa8~tplv-resize:0:0.png,9
特斯拉,https://p1-dcd.byteimg.com/img/motor-mis-img/222f2748c0d6e9c69c00a304f2ac8da1~tplv-resize:100:100.image,63
吉利汽车,https://p1-dcd.byteimg.com/img/motor-mis-img/1badee776354a960ac16444f51dad339~tplv-resize:100:100.image,73
丰田,https://p1-dcd.byteimg.com/img/tos-cn-i-dcdx/66f2b4fa526340c589fe5d2b6bdd4d11~tplv-resize:0:0.png,5
比亚迪,https://p1-dcd.byteimg.com/img/motor-mis-img/10a76eee736808997549bbb0f716e1cb~tplv-resize:100:100.image,16
坦克,https://p1-dcd.byteimg.com/img/motor-mis-img/17fca7e0dec078194be0cf6248c79706~tplv-resize:100:100.image,425
路虎,https://p1-dcd.byteimg.com/img/motor-mis-img/2c52e02dd202db11ffaf361a38ca44ac~tplv-resize:100:100.image,19
红旗,https://p1-dcd.byteimg.com/img/motor-mis-img/9a2cf4552de5fd67f7f3a1f241ed9b48~tplv-resize:100:100.image,59
AITO,https://p1-dcd.byteimg.com/img/motor-mis-img/b98df48107bc3529e1a8b4b637fceb98~tplv-resize:100:100.image,483
猛士,https://p1-dcd.byteimg.com/img/motor-mis-img/80569b9c40d60aedc2860a4ba3f09afd~tplv-resize:100:100.image,527
小鹏汽车,https://p1-dcd.byteimg.com/img/motor-mis-img/45643feed53220ec5159662049ecb330~tplv-resize:100:100.image,195
凯迪拉克,https://p1-dcd.byteimg.com/img/motor-mis-img/e5023f5e3801a57c82644547c6f3b2a8~tplv-resize:100:100.image,30
极氪,https://p1-dcd.byteimg.com/img/motor-mis-img/f44eceb65e1590ab7aaab48a698feeed~tplv-resize:100:100.image,426
雷克萨斯,https://p1-dcd.byteimg.com/img/motor-mis-img/b43814293efa6db10b762da4d351bfe7~tplv-resize:100:100.image,22
沃尔沃,https://p1-dcd.byteimg.com/img/motor-mis-img/c06fae433bcc4a55d7ef3b519704781c~tplv-resize:100:100.image,24
比亚迪,https://p1-dcd.byteimg.com/img/motor-mis-img/10a76eee736808997549bbb0f716e1cb~tplv-resize:100:100.image,16
特斯拉,https://p1-dcd.byteimg.com/img/motor-mis-img/222f2748c0d6e9c69c00a304f2ac8da1~tplv-resize:100:100.image,63
宝马,https://p1-dcd.byteimg.com/img/motor-mis-img/4867710a834bd648ba55797ba5e37f14~tplv-resize:100:100.image,4
吉利汽车,https://p1-dcd.byteimg.com/img/motor-mis-img/1badee776354a960ac16444f51dad339~tplv-resize:100:100.image,73
奥迪,https://p1-dcd.byteimg.com/img/motor-mis-img/62946ba030f3589e083d8d3e98a595eb~tplv-resize:100:100.image,2
奥迪,http://p3-dcd.byteimg.com/tos-cn-i-dcdx/91eaac8446114757841144c12ddb8d37~tplv-f042mdwyw7-original:480:0.image?psm=motor.pc_car.api,2
丰田,http://p3-dcd.byteimg.com/tos-cn-i-dcdx/2aab00ba5d8d42378373ea6a304e0c3d~tplv-f042mdwyw7-original:480:0.image?psm=motor.pc_car.api,5
宝马,http://p3-dcd.byteimg.com/tos-cn-i-dcdx/8a3daca02bc04bfea188f572f278aaf6~tplv-f042mdwyw7-original:480:0.image?psm=motor.pc_car.api,4
奔驰,http://p3-dcd.byteimg.com/tos-cn-i-dcdx/9b08b1c3602645d7ad7574aeb71b6ce3~tplv-f042mdwyw7-original:480:0.image?psm=motor.pc_car.api,3
吉利银河,http://p3-dcd.byteimg.com/tos-cn-i-dcdx/ac8a5ee1d8774df59ccd8aaa375fac7e~tplv-f042mdwyw7-original:480:0.image?psm=motor.pc_car.api,858
大众,http://p3-dcd.byteimg.com/tos-cn-i-dcdx/15379fc13832440dadce67e9c325d1ea~tplv-f042mdwyw7-original:480:0.image?psm=motor.pc_car.api,1
零跑汽车,http://p3-dcd.byteimg.com/tos-cn-i-dcdx/f71aa861de0a42409e0d96f087536c27~tplv-f042mdwyw7-original:480:0.image?psm=motor.pc_car.api,207
方程豹,http://p3-dcd.byteimg.com/tos-cn-i-dcdx/3bb475c050b541e494e0fc3c10da4d40~tplv-f042mdwyw7-original:480:0.image?psm=motor.pc_car.api,861
特斯拉,http://p3-dcd.byteimg.com/tos-cn-i-dcdx/31b02aeb33334fb28e2c34dd81ed4528~tplv-f042mdwyw7-original:480:0.image?psm=motor.pc_car.api,63
智己汽车,http://p3-dcd.byteimg.com/tos-cn-i-dcdx/5c0a1299823b4ab181ff7b118967328a~tplv-f042mdwyw7-original:480:0.image?psm=motor.pc_car.api,419
吉利汽车,http://p3-dcd.byteimg.com/tos-cn-i-dcdx/588bea89ef084984b66a2ee353b261ff~tplv-f042mdwyw7-original:480:0.image?psm=motor.pc_car.api,73
理想汽车,http://p3-dcd.byteimg.com/tos-cn-i-dcdx/23bca80155b2406abca7b473c8e85691~tplv-f042mdwyw7-original:480:0.image?psm=motor.pc_car.api,202
长城,http://p3-dcd.byteimg.com/tos-cn-i-dcdx/85991c100a5c4181a0082ccf9d4fd050~tplv-f042mdwyw7-original:480:0.image?psm=motor.pc_car.api,8
本田,http://p3-dcd.byteimg.com/tos-cn-i-dcdx/ed5dc7d3e0384ccc97804975413d1835~tplv-f042mdwyw7-original:480:0.image?psm=motor.pc_car.api,9
五菱汽车,http://p3-dcd.byteimg.com/tos-cn-i-dcdx/06743772b8e7446299bee1d080d3273a~tplv-f042mdwyw7-original:480:0.image?psm=motor.pc_car.api,39
保时捷,http://p3-dcd.byteimg.com/tos-cn-i-dcdx/aecb43bc93d9486492c05cee9fe20163~tplv-f042mdwyw7-original:480:0.image?psm=motor.pc_car.api,20
保时捷,http://p3-dcd.byteimg.com/tos-cn-i-dcdx/b2d6333e881845538a89dd158301c54f~tplv-f042mdwyw7-original:480:0.image?psm=motor.pc_car.api,20
奔驰,http://p3-dcd.byteimg.com/tos-cn-i-dcdx/c0a82f8b10e14d2790dddef1d397dc2e~tplv-f042mdwyw7-original:480:0.image?psm=motor.pc_car.api,3
